user_id,timestamp,heart_rate,respiration_rate,activity
abc,1645251349,69,16,5
abc,1645251350,116,12,1
abc,1645251351,56,14,3
abc,1645251352,71,13,5
abc,1645251353,43,16,9
abc,1645251354,76,15,9
abc,1645251355,51,19,4
abc,1645251356,78,15,6
abc,1645251357,81,18,4
abc,1645251358,97,15,1
abc,1645251359,55,16,8
abc,1645251360,40,12,7
abc,1645251361,111,18,10
abc,1645251362,109,17,8
abc,1645251363,68,18,0
abc,1645251364,108,17,10
abc,1645251365,54,19,4
abc,1645251366,86,20,5
abc,1645251367,65,14,5
abc,1645251368,69,18,9
abc,1645251369,87,15,3
abc,1645251370,99,18,3
abc,1645251371,41,15,0
abc,1645251372,119,14,3
abc,1645251373,104,20,5
abc,1645251374,59,15,8
abc,1645251375,110,20,5
abc,1645251376,63,15,4
abc,1645251377,113,17,10
abc,1645251378,119,17,8
abc,1645251379,54,18,2
abc,1645251380,41,14,7
abc,1645251381,50,14,9
abc,1645251382,66,12,0
abc,1645251383,48,13,9
abc,1645251384,82,16,1
abc,1645251385,91,12,1
abc,1645251386,43,15,10
abc,1645251387,56,16,10
abc,1645251388,58,18,0
abc,1645251389,117,15,2
abc,1645251390,62,16,2
abc,1645251391,40,17,2
abc,1645251392,102,20,1
abc,1645251393,72,14,5
abc,1645251394,115,15,0
abc,1645251395,50,19,7
abc,1645251396,116,16,0
abc,1645251397,49,14,4
abc,1645251398,56,13,0
abc,1645251399,83,15,4
abc,1645251400,69,14,10
abc,1645251401,94,20,0
abc,1645251402,44,16,1
abc,1645251403,48,12,3
abc,1645251404,80,13,7
abc,1645251405,46,14,10
abc,1645251406,97,19,0
abc,1645251407,105,18,0
abc,1645251408,80,18,4
abc,1645251409,88,12,4
abc,1645251410,82,13,6
abc,1645251411,56,13,5
abc,1645251412,105,16,8
abc,1645251413,112,12,3
abc,1645251414,118,19,4
abc,1645251415,61,15,8
abc,1645251416,103,15,9
abc,1645251417,116,12,2
abc,1645251418,107,16,1
abc,1645251419,108,17,6
abc,1645251420,54,12,8
abc,1645251421,51,15,6
abc,1645251422,109,16,8
abc,1645251423,102,18,7
abc,1645251424,49,17,10
abc,1645251425,47,12,3
abc,1645251426,96,18,1
abc,1645251427,66,12,2
abc,1645251428,82,16,10
abc,1645251429,120,12,1
abc,1645251430,108,12,0
abc,1645251431,65,20,9
abc,1645251432,44,18,9
abc,1645251433,49,13,1
abc,1645251434,85,17,3
abc,1645251435,73,12,5
abc,1645251436,79,19,7
abc,1645251437,102,13,2
abc,1645251438,61,20,10
abc,1645251439,57,16,4
abc,1645251440,48,13,7
abc,1645251441,92,18,7
abc,1645251442,95,19,7
abc,1645251443,110,13,3
abc,1645251444,118,15,9
abc,1645251445,95,15,0
abc,1645251446,46,13,10
abc,1645251447,83,13,5
abc,1645251448,120,16,9
abc,1645251449,67,18,3
abc,1645251450,93,18,0
abc,1645251451,87,19,7
abc,1645251452,62,13,0
abc,1645251453,69,14,7
abc,1645251454,94,18,0
abc,1645251455,63,13,2
abc,1645251456,90,13,5
abc,1645251457,52,12,6
abc,1645251458,58,17,5
abc,1645251459,103,17,5
abc,1645251460,95,14,9
abc,1645251461,92,19,1
abc,1645251462,67,14,2
abc,1645251463,42,16,6
abc,1645251464,108,15,4
abc,1645251465,110,20,10
abc,1645251466,43,12,1
abc,1645251467,64,12,1
abc,1645251468,88,13,3
abc,1645251469,120,13,9
abc,1645251470,71,16,5
abc,1645251471,54,19,8
abc,1645251472,94,13,0
abc,1645251473,57,14,1
abc,1645251474,97,14,8
abc,1645251475,102,14,2
abc,1645251476,103,14,3
abc,1645251477,87,16,4
abc,1645251478,97,19,4
abc,1645251479,41,16,8
abc,1645251480,71,19,2
abc,1645251481,70,19,4
abc,1645251482,118,20,2
abc,1645251483,77,16,0
abc,1645251484,94,20,1
abc,1645251485,78,17,1
abc,1645251486,70,16,1
abc,1645251487,60,18,7
abc,1645251488,46,12,9
abc,1645251489,46,14,7
abc,1645251490,61,15,3
abc,1645251491,68,19,2
abc,1645251492,40,14,1
abc,1645251493,61,13,7
abc,1645251494,70,15,10
abc,1645251495,86,15,7
abc,1645251496,103,12,1
abc,1645251497,50,20,8
abc,1645251498,85,16,8
abc,1645251499,94,17,7
abc,1645251500,57,18,8
abc,1645251501,50,17,1
abc,1645251502,91,17,1
abc,1645251503,84,13,5
abc,1645251504,92,17,9
abc,1645251505,108,19,10
abc,1645251506,97,13,5
abc,1645251507,88,19,7
abc,1645251508,104,13,8
abc,1645251509,47,13,7
abc,1645251510,111,18,9
abc,1645251511,47,19,4
abc,1645251512,84,20,0
abc,1645251513,73,18,4
abc,1645251514,84,17,0
abc,1645251515,75,12,5
abc,1645251516,98,19,1
abc,1645251517,113,14,9
abc,1645251518,67,14,10
abc,1645251519,66,18,0
abc,1645251520,67,12,2
abc,1645251521,90,14,1
abc,1645251522,93,13,1
abc,1645251523,59,13,5
abc,1645251524,109,16,10
abc,1645251525,86,16,5
abc,1645251526,97,17,10
abc,1645251527,75,19,8
abc,1645251528,60,18,2
abc,1645251529,88,13,0
abc,1645251530,47,17,6
abc,1645251531,66,13,5
abc,1645251532,120,18,4
abc,1645251533,117,16,9
abc,1645251534,120,12,0
abc,1645251535,40,17,7
abc,1645251536,101,19,3
abc,1645251537,99,15,9
abc,1645251538,96,12,3
abc,1645251539,53,14,4
abc,1645251540,73,13,5
abc,1645251541,99,20,6
abc,1645251542,109,20,6
abc,1645251543,118,19,5
abc,1645251544,81,19,2
abc,1645251545,100,18,10
abc,1645251546,46,15,1
abc,1645251547,78,20,2
abc,1645251548,54,12,5
abc,1645251549,61,13,6
abc,1645251550,109,16,1
abc,1645251551,46,13,2
abc,1645251552,116,18,4
abc,1645251553,100,14,4
abc,1645251554,71,12,6
abc,1645251555,41,13,6
abc,1645251556,73,19,9
abc,1645251557,57,18,1
abc,1645251558,88,20,2
abc,1645251559,49,20,8
abc,1645251560,105,16,10
abc,1645251561,86,14,6
abc,1645251562,102,15,8
abc,1645251563,119,13,0
abc,1645251564,71,13,4
abc,1645251565,65,18,10
abc,1645251566,92,14,10
abc,1645251567,113,19,3
abc,1645251568,120,12,1
abc,1645251569,115,20,4
abc,1645251570,95,20,2
abc,1645251571,51,19,9
abc,1645251572,91,12,7
abc,1645251573,82,15,6
abc,1645251574,92,18,6
abc,1645251575,112,18,0
abc,1645251576,65,18,1
abc,1645251577,40,16,3
abc,1645251578,72,15,7
abc,1645251579,68,17,3
abc,1645251580,43,15,1
abc,1645251581,107,15,0
abc,1645251582,98,15,5
abc,1645251583,113,16,7
abc,1645251584,72,18,0
abc,1645251585,90,19,4
abc,1645251586,41,13,10
abc,1645251587,74,17,9
abc,1645251588,120,16,8
abc,1645251589,43,14,10
abc,1645251590,44,18,7
abc,1645251591,112,14,8
abc,1645251592,82,14,7
abc,1645251593,85,14,5
abc,1645251594,79,16,4
abc,1645251595,73,14,5
abc,1645251596,43,14,3
abc,1645251597,60,18,10
abc,1645251598,75,17,0
abc,1645251599,56,16,1
abc,1645251600,93,13,7
abc,1645251601,100,16,8
abc,1645251602,77,19,10
abc,1645251603,79,18,8
abc,1645251604,73,13,10
abc,1645251605,51,16,4
abc,1645251606,119,16,10
abc,1645251607,84,20,4
abc,1645251608,117,14,0
abc,1645251609,55,16,8
abc,1645251610,110,20,2
abc,1645251611,104,20,5
abc,1645251612,63,12,9
abc,1645251613,45,18,1
abc,1645251614,89,14,4
abc,1645251615,61,19,7
abc,1645251616,48,15,2
abc,1645251617,72,19,6
abc,1645251618,108,13,1
abc,1645251619,80,16,5
abc,1645251620,90,16,8
abc,1645251621,53,14,10
abc,1645251622,80,15,8
abc,1645251623,74,20,3
abc,1645251624,102,20,8
abc,1645251625,42,20,0
abc,1645251626,51,15,6
abc,1645251627,50,13,2
abc,1645251628,83,13,1
abc,1645251629,97,15,9
abc,1645251630,79,16,10
abc,1645251631,45,15,4
abc,1645251632,88,13,9
abc,1645251633,58,19,8
abc,1645251634,91,17,6
abc,1645251635,43,12,9
abc,1645251636,84,15,10
abc,1645251637,42,15,2
abc,1645251638,83,12,1
abc,1645251639,85,12,5
abc,1645251640,51,17,2
abc,1645251641,46,13,10
abc,1645251642,80,18,5
abc,1645251643,97,17,9
abc,1645251644,119,19,0
abc,1645251645,114,19,4
abc,1645251646,45,13,4
abc,1645251647,47,14,7
abc,1645251648,71,20,1
abc,1645251649,52,16,1
abc,1645251650,72,16,4
abc,1645251651,79,12,9
abc,1645251652,86,14,5
abc,1645251653,107,16,8
abc,1645251654,117,13,6
abc,1645251655,114,20,0
abc,1645251656,73,12,1
abc,1645251657,91,16,0
abc,1645251658,106,13,1
abc,1645251659,80,14,2
abc,1645251660,69,13,8
abc,1645251661,79,16,0
abc,1645251662,98,15,4
abc,1645251663,58,14,9
abc,1645251664,78,20,7
abc,1645251665,97,17,2
abc,1645251666,104,13,3
abc,1645251667,56,16,3
abc,1645251668,68,20,8
abc,1645251669,75,16,5
abc,1645251670,91,19,5
abc,1645251671,90,14,10
abc,1645251672,85,20,5
abc,1645251673,44,20,2
abc,1645251674,55,13,6
abc,1645251675,49,19,3
abc,1645251676,103,13,5
abc,1645251677,110,17,6
abc,1645251678,113,12,7
abc,1645251679,54,18,7
abc,1645251680,77,18,6
abc,1645251681,84,13,4
abc,1645251682,56,20,8
abc,1645251683,118,18,5
abc,1645251684,97,17,9
abc,1645251685,55,13,7
abc,1645251686,74,19,5
abc,1645251687,41,20,2
abc,1645251688,106,12,1
abc,1645251689,54,15,2
abc,1645251690,46,14,3
abc,1645251691,100,20,0
abc,1645251692,80,13,9
abc,1645251693,104,12,7
abc,1645251694,112,13,0
abc,1645251695,81,19,0
abc,1645251696,82,20,2
abc,1645251697,114,12,3
abc,1645251698,65,18,9
abc,1645251699,43,17,0
abc,1645251700,105,12,0
abc,1645251701,109,18,2
abc,1645251702,116,13,3
abc,1645251703,54,13,4
abc,1645251704,42,17,0
abc,1645251705,95,17,5
abc,1645251706,49,15,3
abc,1645251707,96,16,8
abc,1645251708,72,20,7
abc,1645251709,91,19,5
abc,1645251710,63,20,0
abc,1645251711,43,16,10
abc,1645251712,111,19,9
abc,1645251713,57,17,9
abc,1645251714,56,12,0
abc,1645251715,55,13,5
abc,1645251716,64,12,5
abc,1645251717,112,14,8
abc,1645251718,78,13,10
abc,1645251719,120,13,7
abc,1645251720,96,19,1
abc,1645251721,78,16,1
abc,1645251722,70,13,7
abc,1645251723,55,13,2
abc,1645251724,45,17,8
abc,1645251725,51,17,7
abc,1645251726,56,20,1
abc,1645251727,120,12,0
abc,1645251728,115,16,1
abc,1645251729,54,14,8
abc,1645251730,74,15,8
abc,1645251731,95,16,2
abc,1645251732,79,20,2
abc,1645251733,93,15,0
abc,1645251734,102,13,5
abc,1645251735,55,19,8
abc,1645251736,111,14,0
abc,1645251737,66,16,6
abc,1645251738,95,19,10
abc,1645251739,89,19,6
abc,1645251740,46,17,5
abc,1645251741,50,20,3
abc,1645251742,53,19,2
abc,1645251743,65,12,1
abc,1645251744,86,15,3
abc,1645251745,47,16,3
abc,1645251746,86,12,0
abc,1645251747,88,14,6
abc,1645251748,41,20,9
abc,1645251749,102,18,7
abc,1645251750,94,20,2
abc,1645251751,116,17,5
abc,1645251752,75,13,5
abc,1645251753,108,16,0
abc,1645251754,52,15,9
abc,1645251755,47,20,8
abc,1645251756,112,12,10
abc,1645251757,42,12,4
abc,1645251758,62,18,8
abc,1645251759,84,16,8
abc,1645251760,73,20,4
abc,1645251761,89,13,0
abc,1645251762,84,16,5
abc,1645251763,41,19,6
abc,1645251764,110,19,1
abc,1645251765,51,19,5
abc,1645251766,63,16,10
abc,1645251767,120,12,1
abc,1645251768,87,14,10
abc,1645251769,70,18,6
abc,1645251770,53,18,7
abc,1645251771,42,15,6
abc,1645251772,97,18,9
abc,1645251773,46,17,8
abc,1645251774,58,19,8
abc,1645251775,111,14,1
abc,1645251776,49,20,8
abc,1645251777,78,19,2
abc,1645251778,97,18,10
abc,1645251779,105,20,8
abc,1645251780,83,16,10
abc,1645251781,52,14,1
abc,1645251782,65,20,10
abc,1645251783,94,16,2
abc,1645251784,83,18,7
abc,1645251785,59,19,5
abc,1645251786,42,17,1
abc,1645251787,98,19,3
abc,1645251788,68,17,2
abc,1645251789,120,18,5
abc,1645251790,53,12,3
abc,1645251791,101,20,4
abc,1645251792,71,12,8
abc,1645251793,75,15,3
abc,1645251794,95,20,5
abc,1645251795,82,14,10
abc,1645251796,114,15,3
abc,1645251797,119,16,7
abc,1645251798,81,12,8
abc,1645251799,109,15,4
abc,1645251800,120,16,7
abc,1645251801,108,15,2
abc,1645251802,116,13,9
abc,1645251803,97,12,10
abc,1645251804,51,14,3
abc,1645251805,104,17,4
abc,1645251806,72,12,3
abc,1645251807,43,14,3
abc,1645251808,91,15,1
abc,1645251809,65,17,7
abc,1645251810,90,12,1
abc,1645251811,54,12,6
abc,1645251812,92,18,7
abc,1645251813,75,18,2
abc,1645251814,80,18,7
abc,1645251815,58,13,6
abc,1645251816,108,20,8
abc,1645251817,48,20,3
abc,1645251818,67,14,9
abc,1645251819,97,17,10
abc,1645251820,59,18,6
abc,1645251821,53,20,0
abc,1645251822,105,12,5
abc,1645251823,68,16,7
abc,1645251824,108,20,1
abc,1645251825,117,20,0
abc,1645251826,40,13,2
abc,1645251827,87,14,6
abc,1645251828,71,17,4
abc,1645251829,63,18,4
abc,1645251830,56,13,10
abc,1645251831,55,12,7
abc,1645251832,78,14,10
abc,1645251833,100,18,8
abc,1645251834,72,14,2
abc,1645251835,56,14,10
abc,1645251836,87,17,8
abc,1645251837,66,13,4
abc,1645251838,58,12,1
abc,1645251839,49,14,10
abc,1645251840,102,18,10
abc,1645251841,52,20,10
abc,1645251842,112,20,5
abc,1645251843,59,20,5
abc,1645251844,113,13,7
abc,1645251845,120,15,3
abc,1645251846,105,18,0
abc,1645251847,68,15,8
abc,1645251848,99,20,2
abc,1645251849,50,15,5
abc,1645251850,80,16,7
abc,1645251851,66,18,6
abc,1645251852,47,18,4
abc,1645251853,105,16,8
abc,1645251854,115,18,5
abc,1645251855,43,17,0
abc,1645251856,41,17,3
abc,1645251857,106,15,0
abc,1645251858,55,13,0
abc,1645251859,57,17,10
abc,1645251860,45,15,8
abc,1645251861,61,15,9
abc,1645251862,55,17,5
abc,1645251863,107,16,3
abc,1645251864,76,16,0
abc,1645251865,66,13,9
abc,1645251866,54,19,8
abc,1645251867,90,17,1
abc,1645251868,104,17,4
abc,1645251869,115,17,10
abc,1645251870,112,12,4
abc,1645251871,77,19,8
abc,1645251872,90,19,9
abc,1645251873,62,13,4
abc,1645251874,48,19,1
abc,1645251875,78,15,6
abc,1645251876,63,13,2
abc,1645251877,54,13,0
abc,1645251878,103,12,7
abc,1645251879,64,16,3
abc,1645251880,46,16,5
abc,1645251881,106,20,3
abc,1645251882,89,13,5
abc,1645251883,45,17,0
abc,1645251884,72,14,3
abc,1645251885,110,14,9
abc,1645251886,89,17,4
abc,1645251887,40,16,7
abc,1645251888,109,19,0
abc,1645251889,82,18,7
abc,1645251890,43,13,6
abc,1645251891,76,15,4
abc,1645251892,120,15,4
abc,1645251893,51,20,10
abc,1645251894,81,18,5
abc,1645251895,83,12,9
abc,1645251896,87,17,0
abc,1645251897,79,17,5
abc,1645251898,85,17,9
abc,1645251899,118,19,2
abc,1645251900,43,16,9
abc,1645251901,86,16,4
abc,1645251902,97,15,8
abc,1645251903,60,19,8
abc,1645251904,74,15,5
abc,1645251905,90,18,5
abc,1645251906,66,18,3
abc,1645251907,100,18,10
abc,1645251908,93,18,2
abc,1645251909,93,13,8
abc,1645251910,60,12,5
abc,1645251911,115,17,7
abc,1645251912,118,15,2
abc,1645251913,89,13,1
abc,1645251914,115,18,4
abc,1645251915,86,18,7
abc,1645251916,116,20,4
abc,1645251917,107,17,8
abc,1645251918,91,16,2
abc,1645251919,114,18,10
abc,1645251920,68,15,1
abc,1645251921,108,15,8
abc,1645251922,43,12,9
abc,1645251923,89,14,2
abc,1645251924,48,19,6
abc,1645251925,41,13,1
abc,1645251926,105,19,7
abc,1645251927,104,13,3
abc,1645251928,44,19,8
abc,1645251929,83,17,9
abc,1645251930,81,17,6
abc,1645251931,70,17,4
abc,1645251932,108,15,5
abc,1645251933,111,16,2
abc,1645251934,43,16,3
abc,1645251935,43,16,1
abc,1645251936,70,19,10
abc,1645251937,77,13,5
abc,1645251938,43,14,10
abc,1645251939,118,13,3
abc,1645251940,44,19,8
abc,1645251941,92,17,4
abc,1645251942,89,16,4
abc,1645251943,105,17,6
abc,1645251944,119,17,3
abc,1645251945,100,16,3
abc,1645251946,83,17,4
abc,1645251947,57,19,0
abc,1645251948,89,17,7
abc,1645251949,94,14,6
abc,1645251950,51,14,5
abc,1645251951,77,18,7
abc,1645251952,63,14,6
abc,1645251953,86,12,4
abc,1645251954,58,16,8
abc,1645251955,66,17,7
abc,1645251956,71,17,0
abc,1645251957,55,17,1
abc,1645251958,90,20,4
abc,1645251959,57,19,1
abc,1645251960,102,12,4
abc,1645251961,113,20,0
abc,1645251962,93,16,4
abc,1645251963,76,17,6
abc,1645251964,65,17,6
abc,1645251965,40,15,3
abc,1645251966,86,14,10
abc,1645251967,64,12,3
abc,1645251968,61,20,3
abc,1645251969,98,16,5
abc,1645251970,67,17,1
abc,1645251971,90,19,8
abc,1645251972,79,19,7
abc,1645251973,58,18,10
abc,1645251974,89,18,3
abc,1645251975,74,16,4
abc,1645251976,101,12,8
abc,1645251977,45,20,10
abc,1645251978,88,16,9
abc,1645251979,41,20,6
abc,1645251980,120,20,4
abc,1645251981,104,20,9
abc,1645251982,70,18,9
abc,1645251983,41,20,1
abc,1645251984,119,15,0
abc,1645251985,65,18,1
abc,1645251986,61,17,6
abc,1645251987,40,14,10
abc,1645251988,61,16,5
abc,1645251989,99,12,8
abc,1645251990,95,17,0
abc,1645251991,69,12,1
abc,1645251992,41,19,5
abc,1645251993,43,17,3
abc,1645251994,53,18,7
abc,1645251995,95,13,0
abc,1645251996,51,18,2
abc,1645251997,68,12,3
abc,1645251998,120,14,9
abc,1645251999,45,14,0
abc,1645252000,63,20,2
abc,1645252001,113,13,1
abc,1645252002,72,15,8
abc,1645252003,115,14,4
abc,1645252004,99,15,7
abc,1645252005,75,19,2
abc,1645252006,57,19,2
abc,1645252007,48,15,10
abc,1645252008,46,16,1
abc,1645252009,41,18,1
abc,1645252010,63,18,4
abc,1645252011,75,19,7
abc,1645252012,45,15,1
abc,1645252013,85,12,1
abc,1645252014,50,19,0
abc,1645252015,88,14,4
abc,1645252016,99,12,10
abc,1645252017,72,17,2
abc,1645252018,53,20,7
abc,1645252019,48,14,0
abc,1645252020,77,14,2
abc,1645252021,97,20,3
abc,1645252022,99,18,9
abc,1645252023,89,13,4
abc,1645252024,44,13,1
abc,1645252025,85,13,4
abc,1645252026,77,19,9
abc,1645252027,68,16,3
abc,1645252028,83,14,10
abc,1645252029,102,20,10
abc,1645252030,51,12,9
abc,1645252031,82,12,5
abc,1645252032,97,18,8
abc,1645252033,94,12,8
abc,1645252034,77,15,3
abc,1645252035,99,17,0
abc,1645252036,66,20,8
abc,1645252037,86,14,0
abc,1645252038,65,12,8
abc,1645252039,118,14,3
abc,1645252040,86,17,2
abc,1645252041,62,13,7
abc,1645252042,81,18,5
abc,1645252043,60,12,8
abc,1645252044,60,16,5
abc,1645252045,91,16,8
abc,1645252046,109,15,0
abc,1645252047,40,13,10
abc,1645252048,84,19,9
abc,1645252049,89,19,5
abc,1645252050,81,18,9
abc,1645252051,73,15,6
abc,1645252052,70,17,2
abc,1645252053,58,16,3
abc,1645252054,56,17,2
abc,1645252055,104,13,5
abc,1645252056,95,13,2
abc,1645252057,71,13,4
abc,1645252058,80,17,7
abc,1645252059,104,12,1
abc,1645252060,60,17,5
abc,1645252061,71,20,8
abc,1645252062,117,16,1
abc,1645252063,45,13,4
abc,1645252064,81,12,10
abc,1645252065,85,15,10
abc,1645252066,58,13,4
abc,1645252067,84,20,3
abc,1645252068,56,14,8
abc,1645252069,61,16,8
abc,1645252070,97,15,5
abc,1645252071,63,15,6
abc,1645252072,50,13,2
abc,1645252073,92,18,2
abc,1645252074,77,18,4
abc,1645252075,77,20,3
abc,1645252076,116,15,5
abc,1645252077,78,16,10
abc,1645252078,84,14,3
abc,1645252079,106,15,3
abc,1645252080,69,18,10
abc,1645252081,105,14,2
abc,1645252082,100,16,0
abc,1645252083,67,20,3
abc,1645252084,51,14,9
abc,1645252085,99,15,4
abc,1645252086,92,13,8
abc,1645252087,88,14,1
abc,1645252088,115,20,0
abc,1645252089,79,13,10
abc,1645252090,52,12,7
abc,1645252091,73,12,9
abc,1645252092,111,19,1
abc,1645252093,98,15,2
abc,1645252094,86,16,0
abc,1645252095,51,14,8
abc,1645252096,65,13,10
abc,1645252097,81,20,7
abc,1645252098,44,17,3
abc,1645252099,83,16,9
abc,1645252100,96,13,8
abc,1645252101,75,12,0
abc,1645252102,71,18,10
abc,1645252103,101,17,1
abc,1645252104,47,16,3
abc,1645252105,101,19,0
abc,1645252106,50,18,2
abc,1645252107,119,19,0
abc,1645252108,50,18,9
abc,1645252109,84,18,6
abc,1645252110,41,19,6
abc,1645252111,117,19,9
abc,1645252112,118,13,5
abc,1645252113,95,14,7
abc,1645252114,50,12,0
abc,1645252115,120,18,6
abc,1645252116,76,18,1
abc,1645252117,120,16,2
abc,1645252118,42,18,0
abc,1645252119,114,13,2
abc,1645252120,68,15,8
abc,1645252121,110,12,8
abc,1645252122,97,20,3
abc,1645252123,113,19,10
abc,1645252124,59,14,4
abc,1645252125,65,14,6
abc,1645252126,80,16,1
abc,1645252127,86,20,4
abc,1645252128,71,15,9
abc,1645252129,81,20,5
abc,1645252130,92,13,10
abc,1645252131,68,12,9
abc,1645252132,45,17,7
abc,1645252133,51,17,7
abc,1645252134,75,18,5
abc,1645252135,54,20,2
abc,1645252136,76,14,6
abc,1645252137,118,14,3
abc,1645252138,81,12,4
abc,1645252139,46,12,4
abc,1645252140,97,16,1
abc,1645252141,78,15,10
abc,1645252142,90,20,5
abc,1645252143,112,15,8
abc,1645252144,48,19,6
abc,1645252145,67,12,3
abc,1645252146,55,17,1
abc,1645252147,111,14,0
abc,1645252148,93,15,6
abc,1645252149,114,20,10
abc,1645252150,68,12,7
abc,1645252151,116,13,6
abc,1645252152,57,12,2
abc,1645252153,40,18,2
abc,1645252154,68,16,9
abc,1645252155,81,19,1
abc,1645252156,89,13,10
abc,1645252157,59,18,9
abc,1645252158,69,18,7
abc,1645252159,85,14,5
abc,1645252160,118,15,8
abc,1645252161,99,20,6
abc,1645252162,120,18,7
abc,1645252163,91,16,10
abc,1645252164,86,18,2
abc,1645252165,96,13,6
abc,1645252166,77,14,3
abc,1645252167,76,19,9
abc,1645252168,80,18,9
abc,1645252169,74,16,5
abc,1645252170,101,15,9
abc,1645252171,112,15,7
abc,1645252172,63,12,0
abc,1645252173,95,16,7
abc,1645252174,69,17,8
abc,1645252175,63,19,6
abc,1645252176,62,18,9
abc,1645252177,73,14,2
abc,1645252178,40,18,9
abc,1645252179,62,18,5
abc,1645252180,53,20,5
abc,1645252181,91,17,5
abc,1645252182,115,13,1
abc,1645252183,52,18,10
abc,1645252184,114,14,9
abc,1645252185,63,20,7
abc,1645252186,42,19,10
abc,1645252187,98,18,2
abc,1645252188,67,17,7
abc,1645252189,117,18,5
abc,1645252190,99,14,9
abc,1645252191,86,19,2
abc,1645252192,120,14,1
abc,1645252193,62,14,3
abc,1645252194,41,19,6
abc,1645252195,63,19,5
abc,1645252196,91,15,10
abc,1645252197,117,14,7
abc,1645252198,81,16,10
abc,1645252199,118,19,5
abc,1645252200,108,16,9
abc,1645252201,106,20,2
abc,1645252202,118,14,1
abc,1645252203,108,16,0
abc,1645252204,97,18,9
abc,1645252205,78,19,5
abc,1645252206,116,17,2
abc,1645252207,42,12,1
abc,1645252208,113,19,6
abc,1645252209,44,18,7
abc,1645252210,91,16,2
abc,1645252211,65,18,6
abc,1645252212,52,19,8
abc,1645252213,68,13,10
abc,1645252214,57,17,4
abc,1645252215,75,12,10
abc,1645252216,59,18,8
abc,1645252217,69,17,8
abc,1645252218,86,12,3
abc,1645252219,83,13,5
abc,1645252220,118,15,9
abc,1645252221,87,15,8
abc,1645252222,83,14,7
abc,1645252223,99,15,5
abc,1645252224,107,12,2
abc,1645252225,99,20,3
abc,1645252226,44,12,3
abc,1645252227,99,15,1
abc,1645252228,111,16,1
abc,1645252229,75,17,2
abc,1645252230,66,18,10
abc,1645252231,90,13,4
abc,1645252232,67,20,4
abc,1645252233,112,17,0
abc,1645252234,61,15,3
abc,1645252235,58,13,4
abc,1645252236,109,16,10
abc,1645252237,107,17,2
abc,1645252238,63,14,3
abc,1645252239,44,20,1
abc,1645252240,106,19,5
abc,1645252241,48,20,10
abc,1645252242,76,12,10
abc,1645252243,51,16,10
abc,1645252244,40,12,10
abc,1645252245,118,13,2
abc,1645252246,102,13,2
abc,1645252247,58,14,6
abc,1645252248,68,18,1
abc,1645252249,115,16,3
abc,1645252250,89,13,2
abc,1645252251,92,13,8
abc,1645252252,76,18,8
abc,1645252253,109,17,3
abc,1645252254,91,16,0
abc,1645252255,81,12,1
abc,1645252256,48,16,7
abc,1645252257,40,20,6
abc,1645252258,47,20,9
abc,1645252259,45,17,1
abc,1645252260,69,13,8
abc,1645252261,94,15,4
abc,1645252262,63,17,8
abc,1645252263,116,17,10
abc,1645252264,62,15,3
abc,1645252265,100,14,7
abc,1645252266,111,14,6
abc,1645252267,101,19,9
abc,1645252268,47,12,3
abc,1645252269,61,12,0
abc,1645252270,67,14,4
abc,1645252271,43,16,2
abc,1645252272,103,14,0
abc,1645252273,101,17,7
abc,1645252274,64,19,10
abc,1645252275,87,17,3
abc,1645252276,66,13,7
abc,1645252277,81,16,2
abc,1645252278,45,18,1
abc,1645252279,95,14,2
abc,1645252280,89,14,0
abc,1645252281,66,16,1
abc,1645252282,66,18,6
abc,1645252283,51,15,8
abc,1645252284,109,13,4
abc,1645252285,101,13,7
abc,1645252286,110,17,1
abc,1645252287,106,13,8
abc,1645252288,110,16,9
abc,1645252289,108,14,4
abc,1645252290,108,15,5
abc,1645252291,86,17,2
abc,1645252292,100,20,4
abc,1645252293,97,14,3
abc,1645252294,48,19,3
abc,1645252295,50,18,4
abc,1645252296,96,15,10
abc,1645252297,45,13,0
abc,1645252298,119,15,9
abc,1645252299,79,17,4
abc,1645252300,68,18,10
abc,1645252301,69,20,9
abc,1645252302,82,13,7
abc,1645252303,40,20,3
abc,1645252304,51,15,4
abc,1645252305,93,19,1
abc,1645252306,89,16,1
abc,1645252307,71,19,5
abc,1645252308,85,14,10
abc,1645252309,78,19,6
abc,1645252310,40,20,8
abc,1645252311,99,13,6
abc,1645252312,83,15,5
abc,1645252313,100,15,0
abc,1645252314,54,13,1
abc,1645252315,70,16,2
abc,1645252316,70,18,1
abc,1645252317,75,12,4
abc,1645252318,50,12,4
abc,1645252319,41,14,8
abc,1645252320,110,15,1
abc,1645252321,56,18,3
abc,1645252322,107,12,3
abc,1645252323,84,17,1
abc,1645252324,95,19,2
abc,1645252325,54,20,3
abc,1645252326,78,16,0
abc,1645252327,81,19,7
abc,1645252328,89,12,2
abc,1645252329,91,16,6
abc,1645252330,94,13,4
abc,1645252331,104,17,7
abc,1645252332,57,17,5
abc,1645252333,80,16,7
abc,1645252334,50,18,0
abc,1645252335,57,18,5
abc,1645252336,67,18,0
abc,1645252337,88,19,2
abc,1645252338,104,18,1
abc,1645252339,78,12,7
abc,1645252340,41,18,10
abc,1645252341,88,20,9
abc,1645252342,54,14,10
abc,1645252343,45,17,1
abc,1645252344,107,12,10
abc,1645252345,79,17,5
abc,1645252346,72,19,6
abc,1645252347,53,16,9
abc,1645252348,67,13,9
abc,1645252349,98,13,1
abc,1645252350,105,15,10
abc,1645252351,101,13,0
abc,1645252352,107,19,8
abc,1645252353,116,18,7
abc,1645252354,59,20,8
abc,1645252355,40,18,8
abc,1645252356,117,14,3
abc,1645252357,95,13,10
abc,1645252358,103,18,9
abc,1645252359,95,20,5
abc,1645252360,95,17,8
abc,1645252361,45,15,3
abc,1645252362,89,17,10
abc,1645252363,100,17,2
abc,1645252364,68,16,3
abc,1645252365,64,20,7
abc,1645252366,41,13,7
abc,1645252367,55,17,6
abc,1645252368,40,19,9
abc,1645252369,54,18,3
abc,1645252370,105,12,1
abc,1645252371,110,14,1
abc,1645252372,99,16,9
abc,1645252373,93,15,8
abc,1645252374,116,17,5
abc,1645252375,115,12,9
abc,1645252376,57,19,3
abc,1645252377,45,16,1
abc,1645252378,45,14,8
abc,1645252379,54,13,3
abc,1645252380,89,13,4
abc,1645252381,74,13,1
abc,1645252382,97,19,10
abc,1645252383,102,19,3
abc,1645252384,46,13,2
abc,1645252385,110,15,3
abc,1645252386,72,12,3
abc,1645252387,84,19,10
abc,1645252388,91,16,1
abc,1645252389,98,18,4
abc,1645252390,73,16,9
abc,1645252391,100,14,3
abc,1645252392,41,18,2
abc,1645252393,76,13,10
abc,1645252394,91,17,3
abc,1645252395,95,14,7
abc,1645252396,76,17,3
abc,1645252397,79,19,3
abc,1645252398,98,17,2
abc,1645252399,114,20,1
abc,1645252400,104,12,6
abc,1645252401,109,17,1
abc,1645252402,87,13,6
abc,1645252403,96,12,1
abc,1645252404,107,19,6
abc,1645252405,60,19,8
abc,1645252406,40,17,8
abc,1645252407,53,18,8
abc,1645252408,73,16,0
abc,1645252409,77,18,0
abc,1645252410,75,19,9
abc,1645252411,63,13,4
abc,1645252412,77,13,8
abc,1645252413,55,20,3
abc,1645252414,88,16,1
abc,1645252415,60,17,1
abc,1645252416,96,16,10
abc,1645252417,63,18,7
abc,1645252418,117,16,3
abc,1645252419,40,17,5
abc,1645252420,73,15,5
abc,1645252421,100,19,8
abc,1645252422,109,18,8
abc,1645252423,69,13,10
abc,1645252424,55,13,1
abc,1645252425,115,20,5
abc,1645252426,76,17,1
abc,1645252427,52,20,6
abc,1645252428,92,19,2
abc,1645252429,58,16,4
abc,1645252430,67,18,10
abc,1645252431,93,20,10
abc,1645252432,69,13,4
abc,1645252433,94,19,7
abc,1645252434,94,12,10
abc,1645252435,66,13,6
abc,1645252436,96,18,4
abc,1645252437,54,15,9
abc,1645252438,55,18,7
abc,1645252439,70,15,5
abc,1645252440,98,16,8
abc,1645252441,45,17,9
abc,1645252442,93,16,3
abc,1645252443,77,20,3
abc,1645252444,114,17,3
abc,1645252445,99,16,6
abc,1645252446,102,19,0
abc,1645252447,51,20,4
abc,1645252448,98,15,0
abc,1645252449,111,13,6
abc,1645252450,79,19,7
abc,1645252451,87,20,10
abc,1645252452,108,18,8
abc,1645252453,104,16,5
abc,1645252454,91,12,4
abc,1645252455,84,12,7
abc,1645252456,55,20,7
abc,1645252457,76,17,8
abc,1645252458,68,12,6
abc,1645252459,66,18,6
abc,1645252460,104,15,5
abc,1645252461,66,19,4
abc,1645252462,91,19,0
abc,1645252463,107,13,10
abc,1645252464,79,16,9
abc,1645252465,104,13,9
abc,1645252466,60,18,5
abc,1645252467,101,15,2
abc,1645252468,40,12,3
abc,1645252469,74,19,1
abc,1645252470,110,15,3
abc,1645252471,72,15,7
abc,1645252472,108,20,10
abc,1645252473,79,13,9
abc,1645252474,91,19,8
abc,1645252475,57,14,1
abc,1645252476,64,13,9
abc,1645252477,59,12,8
abc,1645252478,69,20,5
abc,1645252479,74,18,10
abc,1645252480,73,17,4
abc,1645252481,104,12,3
abc,1645252482,53,19,9
abc,1645252483,56,19,6
abc,1645252484,117,17,2
abc,1645252485,104,12,6
abc,1645252486,51,15,3
abc,1645252487,106,20,0
abc,1645252488,58,16,2
abc,1645252489,110,19,6
abc,1645252490,106,12,1
abc,1645252491,54,20,6
abc,1645252492,56,18,10
abc,1645252493,70,19,0
abc,1645252494,63,15,5
abc,1645252495,95,12,6
abc,1645252496,40,15,6
abc,1645252497,86,13,10
abc,1645252498,93,19,0
abc,1645252499,72,16,9
abc,1645252500,89,19,2
abc,1645252501,103,17,0
abc,1645252502,79,20,6
abc,1645252503,63,17,7
abc,1645252504,113,20,9
abc,1645252505,105,13,2
abc,1645252506,86,19,6
abc,1645252507,58,19,0
abc,1645252508,75,20,3
abc,1645252509,55,12,0
abc,1645252510,61,20,2
abc,1645252511,73,19,10
abc,1645252512,76,14,3
abc,1645252513,79,15,9
abc,1645252514,46,20,0
abc,1645252515,112,18,10
abc,1645252516,99,20,1
abc,1645252517,55,19,6
abc,1645252518,54,20,6
abc,1645252519,56,19,5
abc,1645252520,77,17,10
abc,1645252521,78,13,6
abc,1645252522,60,16,10
abc,1645252523,99,14,7
abc,1645252524,68,17,6
abc,1645252525,67,20,4
abc,1645252526,47,16,6
abc,1645252527,66,16,3
abc,1645252528,114,13,1
abc,1645252529,99,12,9
abc,1645252530,109,13,5
abc,1645252531,76,16,8
abc,1645252532,72,14,8
abc,1645252533,96,16,5
abc,1645252534,69,19,10
abc,1645252535,68,16,4
abc,1645252536,87,19,1
abc,1645252537,56,12,3
abc,1645252538,44,19,4
abc,1645252539,76,19,10
abc,1645252540,81,12,8
abc,1645252541,81,12,5
abc,1645252542,61,13,2
abc,1645252543,64,13,10
abc,1645252544,53,12,9
abc,1645252545,93,20,6
abc,1645252546,110,13,0
abc,1645252547,57,15,5
abc,1645252548,100,20,8
abc,1645252549,51,14,10
abc,1645252550,76,17,7
abc,1645252551,84,20,3
abc,1645252552,102,15,3
abc,1645252553,49,13,10
abc,1645252554,55,19,8
abc,1645252555,118,13,0
abc,1645252556,77,15,0
abc,1645252557,99,19,5
abc,1645252558,40,19,8
abc,1645252559,79,13,2
abc,1645252560,42,17,5
abc,1645252561,91,12,2
abc,1645252562,105,14,3
abc,1645252563,63,17,7
abc,1645252564,78,15,4
abc,1645252565,47,15,10
abc,1645252566,92,17,8
abc,1645252567,87,14,10
abc,1645252568,80,12,7
abc,1645252569,93,13,3
abc,1645252570,113,18,9
abc,1645252571,46,18,1
abc,1645252572,112,16,8
abc,1645252573,58,13,1
abc,1645252574,61,14,4
abc,1645252575,111,18,4
abc,1645252576,88,20,1
abc,1645252577,113,19,7
abc,1645252578,46,15,2
abc,1645252579,117,15,0
abc,1645252580,119,16,10
abc,1645252581,42,15,2
abc,1645252582,99,15,1
abc,1645252583,97,13,4
abc,1645252584,111,16,5
abc,1645252585,91,13,6
abc,1645252586,81,14,1
abc,1645252587,112,13,5
abc,1645252588,90,20,1
abc,1645252589,88,15,10
abc,1645252590,41,14,3
abc,1645252591,66,19,6
abc,1645252592,56,19,1
abc,1645252593,76,15,2
abc,1645252594,100,15,2
abc,1645252595,53,20,10
abc,1645252596,58,13,0
abc,1645252597,86,12,1
abc,1645252598,87,20,7
abc,1645252599,65,12,9
abc,1645252600,66,14,8
abc,1645252601,120,20,4
abc,1645252602,84,18,5
abc,1645252603,67,15,5
abc,1645252604,81,15,8
abc,1645252605,88,18,5
abc,1645252606,113,18,5
abc,1645252607,49,16,9
abc,1645252608,83,14,6
abc,1645252609,92,12,8
abc,1645252610,52,14,5
abc,1645252611,62,19,2
abc,1645252612,106,14,2
abc,1645252613,86,14,10
abc,1645252614,41,15,10
abc,1645252615,100,14,4
abc,1645252616,61,19,1
abc,1645252617,115,15,10
abc,1645252618,88,17,1
abc,1645252619,44,16,7
abc,1645252620,43,15,0
abc,1645252621,91,20,7
abc,1645252622,112,17,10
abc,1645252623,114,13,1
abc,1645252624,73,16,1
abc,1645252625,65,12,1
abc,1645252626,115,12,5
abc,1645252627,72,14,0
abc,1645252628,73,16,10
abc,1645252629,115,15,3
abc,1645252630,66,19,6
abc,1645252631,47,17,5
abc,1645252632,61,17,7
abc,1645252633,92,20,1
abc,1645252634,82,12,6
abc,1645252635,57,14,3
abc,1645252636,109,13,9
abc,1645252637,40,20,7
abc,1645252638,74,20,7
abc,1645252639,51,17,6
abc,1645252640,97,18,10
abc,1645252641,97,17,10
abc,1645252642,42,12,4
abc,1645252643,116,20,2
abc,1645252644,43,14,10
abc,1645252645,74,12,0
abc,1645252646,107,20,5
abc,1645252647,70,19,6
abc,1645252648,77,16,3
abc,1645252649,98,19,4
abc,1645252650,69,15,7
abc,1645252651,113,16,3
abc,1645252652,81,12,1
abc,1645252653,89,14,7
abc,1645252654,56,13,9
abc,1645252655,106,17,2
abc,1645252656,117,20,7
abc,1645252657,101,13,7
abc,1645252658,63,12,9
abc,1645252659,54,19,6
abc,1645252660,67,13,2
abc,1645252661,65,19,5
abc,1645252662,64,14,0
abc,1645252663,106,12,9
abc,1645252664,81,19,9
abc,1645252665,106,17,6
abc,1645252666,87,18,10
abc,1645252667,84,18,4
abc,1645252668,93,18,1
abc,1645252669,95,14,2
abc,1645252670,75,20,8
abc,1645252671,109,19,2
abc,1645252672,73,20,5
abc,1645252673,101,16,6
abc,1645252674,94,12,8
abc,1645252675,41,17,9
abc,1645252676,71,17,1
abc,1645252677,76,12,5
abc,1645252678,77,14,1
abc,1645252679,102,16,10
abc,1645252680,64,17,3
abc,1645252681,60,16,3
abc,1645252682,89,15,7
abc,1645252683,107,16,1
abc,1645252684,107,20,5
abc,1645252685,59,18,2
abc,1645252686,94,17,3
abc,1645252687,80,17,5
abc,1645252688,81,13,8
abc,1645252689,100,12,6
abc,1645252690,97,12,0
abc,1645252691,110,17,5
abc,1645252692,71,20,8
abc,1645252693,115,17,2
abc,1645252694,120,19,10
abc,1645252695,88,15,7
abc,1645252696,95,12,2
abc,1645252697,90,16,7
abc,1645252698,62,17,5
abc,1645252699,52,13,8
abc,1645252700,111,18,1
abc,1645252701,78,16,7
abc,1645252702,93,15,7
abc,1645252703,89,17,9
abc,1645252704,115,20,8
abc,1645252705,44,15,6
abc,1645252706,51,14,2
abc,1645252707,51,20,6
abc,1645252708,98,12,8
abc,1645252709,48,18,4
abc,1645252710,85,12,10
abc,1645252711,72,15,7
abc,1645252712,69,13,7
abc,1645252713,93,13,1
abc,1645252714,105,15,3
abc,1645252715,118,14,7
abc,1645252716,69,12,7
abc,1645252717,53,12,0
abc,1645252718,85,16,5
abc,1645252719,48,17,3
abc,1645252720,70,15,4
abc,1645252721,75,12,10
abc,1645252722,75,14,0
abc,1645252723,105,16,2
abc,1645252724,43,20,9
abc,1645252725,82,14,7
abc,1645252726,44,14,6
abc,1645252727,43,17,7
abc,1645252728,66,15,1
abc,1645252729,106,15,6
abc,1645252730,111,18,10
abc,1645252731,114,19,3
abc,1645252732,47,19,4
abc,1645252733,47,13,5
abc,1645252734,109,18,0
abc,1645252735,120,13,3
abc,1645252736,65,12,7
abc,1645252737,107,18,9
abc,1645252738,71,20,0
abc,1645252739,46,16,0
abc,1645252740,57,18,1
abc,1645252741,112,13,6
abc,1645252742,95,20,6
abc,1645252743,89,14,8
abc,1645252744,108,20,1
abc,1645252745,49,13,3
abc,1645252746,84,20,2
abc,1645252747,61,20,10
abc,1645252748,59,14,6
abc,1645252749,83,19,5
abc,1645252750,56,20,3
abc,1645252751,69,17,6
abc,1645252752,99,19,3
abc,1645252753,105,16,5
abc,1645252754,76,20,1
abc,1645252755,120,15,5
abc,1645252756,79,20,8
abc,1645252757,85,15,7
abc,1645252758,42,13,9
abc,1645252759,69,12,6
abc,1645252760,76,20,9
abc,1645252761,81,13,2
abc,1645252762,50,12,6
abc,1645252763,82,18,1
abc,1645252764,42,12,3
abc,1645252765,62,14,1
abc,1645252766,75,15,7
abc,1645252767,90,15,5
abc,1645252768,82,19,1
abc,1645252769,70,13,5
abc,1645252770,79,19,6
abc,1645252771,116,18,4
abc,1645252772,67,15,4
abc,1645252773,97,20,2
abc,1645252774,66,15,8
abc,1645252775,113,14,10
abc,1645252776,83,16,4
abc,1645252777,80,19,1
abc,1645252778,48,19,9
abc,1645252779,41,19,2
abc,1645252780,100,15,5
abc,1645252781,60,18,4
abc,1645252782,99,14,0
abc,1645252783,97,12,2
abc,1645252784,69,17,9
abc,1645252785,53,19,3
abc,1645252786,98,16,0
abc,1645252787,40,17,0
abc,1645252788,105,14,3
abc,1645252789,76,12,7
abc,1645252790,57,12,5
abc,1645252791,116,16,9
abc,1645252792,51,14,1
abc,1645252793,48,13,4
abc,1645252794,110,13,3
abc,1645252795,88,13,8
abc,1645252796,64,14,6
abc,1645252797,89,13,3
abc,1645252798,45,14,1
abc,1645252799,62,12,4
abc,1645252800,46,16,5
abc,1645252801,106,16,0
abc,1645252802,65,15,5
abc,1645252803,52,20,9
abc,1645252804,89,15,5
abc,1645252805,114,16,1
abc,1645252806,89,12,8
abc,1645252807,92,13,1
abc,1645252808,101,17,3
abc,1645252809,42,13,2
abc,1645252810,88,16,9
abc,1645252811,100,14,7
abc,1645252812,44,12,5
abc,1645252813,86,17,7
abc,1645252814,72,12,4
abc,1645252815,118,15,0
abc,1645252816,83,15,5
abc,1645252817,90,19,6
abc,1645252818,48,18,2
abc,1645252819,115,16,8
abc,1645252820,107,16,4
abc,1645252821,89,12,10
abc,1645252822,52,15,10
abc,1645252823,91,19,4
abc,1645252824,64,15,10
abc,1645252825,100,17,2
abc,1645252826,104,20,1
abc,1645252827,48,14,10
abc,1645252828,81,15,9
abc,1645252829,70,20,5
abc,1645252830,59,12,1
abc,1645252831,40,18,8
abc,1645252832,107,19,0
abc,1645252833,70,17,9
abc,1645252834,76,18,4
abc,1645252835,54,17,10
abc,1645252836,95,18,6
abc,1645252837,43,19,5
abc,1645252838,64,14,0
abc,1645252839,108,17,0
abc,1645252840,102,17,0
abc,1645252841,109,12,3
abc,1645252842,45,16,4
abc,1645252843,110,17,9
abc,1645252844,58,18,6
abc,1645252845,119,12,1
abc,1645252846,98,15,10
abc,1645252847,105,15,3
abc,1645252848,112,15,8
abc,1645252849,44,19,0
abc,1645252850,60,18,6
abc,1645252851,111,19,0
abc,1645252852,103,13,5
abc,1645252853,96,12,2
abc,1645252854,118,13,1
abc,1645252855,84,19,1
abc,1645252856,79,14,5
abc,1645252857,112,17,8
abc,1645252858,119,19,4
abc,1645252859,51,18,7
abc,1645252860,66,16,4
abc,1645252861,69,13,10
abc,1645252862,94,14,7
abc,1645252863,59,17,8
abc,1645252864,54,12,6
abc,1645252865,82,18,3
abc,1645252866,111,18,1
abc,1645252867,55,12,9
abc,1645252868,63,14,8
abc,1645252869,92,17,3
abc,1645252870,100,12,3
abc,1645252871,84,19,10
abc,1645252872,104,14,3
abc,1645252873,104,16,4
abc,1645252874,63,16,0
abc,1645252875,106,15,9
abc,1645252876,110,18,9
abc,1645252877,100,20,8
abc,1645252878,110,14,8
abc,1645252879,68,17,5
abc,1645252880,98,15,9
abc,1645252881,67,18,4
abc,1645252882,119,18,1
abc,1645252883,120,17,3
abc,1645252884,63,19,5
abc,1645252885,96,16,5
abc,1645252886,63,16,1
abc,1645252887,116,18,5
abc,1645252888,119,15,0
abc,1645252889,82,12,0
abc,1645252890,74,12,5
abc,1645252891,113,12,9
abc,1645252892,68,16,5
abc,1645252893,51,18,2
abc,1645252894,74,20,10
abc,1645252895,47,18,10
abc,1645252896,85,16,4
abc,1645252897,109,14,4
abc,1645252898,89,17,8
abc,1645252899,49,13,0
abc,1645252900,45,16,4
abc,1645252901,115,16,0
abc,1645252902,55,12,10
abc,1645252903,51,14,2
abc,1645252904,84,17,4
abc,1645252905,97,13,3
abc,1645252906,57,18,5
abc,1645252907,118,17,8
abc,1645252908,63,19,4
abc,1645252909,51,15,1
abc,1645252910,98,15,10
abc,1645252911,71,16,0
abc,1645252912,84,12,5
abc,1645252913,45,17,7
abc,1645252914,54,19,3
abc,1645252915,84,12,1
abc,1645252916,87,20,0
abc,1645252917,77,14,6
abc,1645252918,47,18,9
abc,1645252919,96,12,0
abc,1645252920,104,20,5
abc,1645252921,68,13,0
abc,1645252922,65,13,5
abc,1645252923,71,15,10
abc,1645252924,73,14,5
abc,1645252925,86,17,2
abc,1645252926,90,14,4
abc,1645252927,59,14,8
abc,1645252928,116,14,10
abc,1645252929,106,13,4
abc,1645252930,101,18,6
abc,1645252931,69,15,6
abc,1645252932,81,17,5
abc,1645252933,81,17,7
abc,1645252934,78,14,3
abc,1645252935,94,19,2
abc,1645252936,46,13,7
abc,1645252937,80,14,2
abc,1645252938,113,19,8
abc,1645252939,96,16,4
abc,1645252940,104,17,9
abc,1645252941,110,14,8
abc,1645252942,97,13,2
abc,1645252943,112,16,9
abc,1645252944,73,17,9
abc,1645252945,60,14,10
abc,1645252946,105,17,9
abc,1645252947,91,18,5
abc,1645252948,57,20,2
abc,1645252949,62,15,0
abc,1645252950,87,12,10
abc,1645252951,40,17,6
abc,1645252952,90,12,4
abc,1645252953,45,13,2
abc,1645252954,73,12,5
abc,1645252955,51,20,8
abc,1645252956,101,12,7
abc,1645252957,111,19,2
abc,1645252958,97,18,8
abc,1645252959,90,17,4
abc,1645252960,100,14,7
abc,1645252961,85,12,4
abc,1645252962,57,16,7
abc,1645252963,57,17,10
abc,1645252964,100,20,0
abc,1645252965,84,19,5
abc,1645252966,54,20,9
abc,1645252967,114,15,9
abc,1645252968,76,20,4
abc,1645252969,67,18,5
abc,1645252970,99,15,10
abc,1645252971,114,16,7
abc,1645252972,96,18,9
abc,1645252973,115,16,3
abc,1645252974,59,15,8
abc,1645252975,55,13,10
abc,1645252976,71,16,1
abc,1645252977,48,20,3
abc,1645252978,44,18,7
abc,1645252979,108,14,0
abc,1645252980,46,16,1
abc,1645252981,109,12,3
abc,1645252982,102,18,7
abc,1645252983,60,15,2
abc,1645252984,72,18,1
abc,1645252985,92,17,7
abc,1645252986,52,20,7
abc,1645252987,81,12,5
abc,1645252988,114,16,0
abc,1645252989,47,19,9
abc,1645252990,88,15,2
abc,1645252991,107,17,5
abc,1645252992,118,20,6
abc,1645252993,56,17,8
abc,1645252994,76,17,1
abc,1645252995,100,14,7
abc,1645252996,64,20,6
abc,1645252997,65,17,1
abc,1645252998,69,16,7
abc,1645252999,56,15,5
abc,1645253000,46,13,0
abc,1645253001,96,17,10
abc,1645253002,65,18,1
abc,1645253003,41,18,7
abc,1645253004,71,18,10
abc,1645253005,88,18,3
abc,1645253006,109,20,1
abc,1645253007,45,19,4
abc,1645253008,63,15,1
abc,1645253009,61,12,7
abc,1645253010,85,19,0
abc,1645253011,84,15,1
abc,1645253012,91,18,6
abc,1645253013,53,14,0
abc,1645253014,98,17,2
abc,1645253015,84,17,3
abc,1645253016,55,16,3
abc,1645253017,116,14,9
abc,1645253018,87,16,0
abc,1645253019,101,19,7
abc,1645253020,116,14,2
abc,1645253021,61,18,1
abc,1645253022,51,16,4
abc,1645253023,70,12,8
abc,1645253024,70,12,3
abc,1645253025,91,13,5
abc,1645253026,50,14,1
abc,1645253027,120,17,4
abc,1645253028,41,12,10
abc,1645253029,111,20,4
abc,1645253030,50,15,10
abc,1645253031,119,19,8
abc,1645253032,88,18,6
abc,1645253033,45,14,1
abc,1645253034,63,13,5
abc,1645253035,116,13,5
abc,1645253036,115,14,1
abc,1645253037,43,13,7
abc,1645253038,117,13,7
abc,1645253039,56,15,3
abc,1645253040,86,12,0
abc,1645253041,49,16,9
abc,1645253042,114,20,3
abc,1645253043,44,12,9
abc,1645253044,115,14,8
abc,1645253045,107,17,10
abc,1645253046,54,17,6
abc,1645253047,87,12,2
abc,1645253048,101,16,7
abc,1645253049,56,14,5
abc,1645253050,107,17,3
abc,1645253051,96,12,5
abc,1645253052,70,13,3
abc,1645253053,68,16,5
abc,1645253054,64,16,7
abc,1645253055,70,19,9
abc,1645253056,96,13,2
abc,1645253057,89,12,7
abc,1645253058,95,17,4
abc,1645253059,100,17,9
abc,1645253060,95,15,9
abc,1645253061,118,17,9
abc,1645253062,119,12,2
abc,1645253063,54,20,1
abc,1645253064,76,18,6
abc,1645253065,113,16,2
abc,1645253066,56,14,8
abc,1645253067,75,15,6
abc,1645253068,95,16,9
abc,1645253069,94,12,5
abc,1645253070,83,17,0
abc,1645253071,104,13,3
abc,1645253072,116,12,6
abc,1645253073,57,15,4
abc,1645253074,97,18,2
abc,1645253075,112,13,2
abc,1645253076,76,19,0
abc,1645253077,114,20,6
abc,1645253078,51,14,4
abc,1645253079,115,14,0
abc,1645253080,59,13,4
abc,1645253081,68,20,4
abc,1645253082,78,16,7
abc,1645253083,59,12,3
abc,1645253084,75,20,4
abc,1645253085,102,15,2
abc,1645253086,47,16,6
abc,1645253087,117,15,5
abc,1645253088,45,14,4
abc,1645253089,93,14,6
abc,1645253090,74,18,1
abc,1645253091,61,16,10
abc,1645253092,120,16,0
abc,1645253093,64,14,7
abc,1645253094,112,13,0
abc,1645253095,53,14,1
abc,1645253096,114,20,5
abc,1645253097,41,20,9
abc,1645253098,42,16,1
abc,1645253099,53,17,0
abc,1645253100,93,18,0
abc,1645253101,93,20,5
abc,1645253102,54,17,2
abc,1645253103,119,16,4
abc,1645253104,113,12,3
abc,1645253105,71,15,0
abc,1645253106,74,13,3
abc,1645253107,70,13,10
abc,1645253108,70,17,4
abc,1645253109,115,13,1
abc,1645253110,111,18,6
abc,1645253111,78,19,7
abc,1645253112,56,13,1
abc,1645253113,53,19,0
abc,1645253114,116,18,10
abc,1645253115,56,17,0
abc,1645253116,54,16,9
abc,1645253117,76,17,5
abc,1645253118,70,17,6
abc,1645253119,115,13,8
abc,1645253120,97,15,6
abc,1645253121,89,14,9
abc,1645253122,91,15,8
abc,1645253123,106,15,3
abc,1645253124,105,19,6
abc,1645253125,85,19,5
abc,1645253126,64,14,1
abc,1645253127,102,14,0
abc,1645253128,81,18,9
abc,1645253129,63,15,1
abc,1645253130,87,20,2
abc,1645253131,46,19,4
abc,1645253132,63,19,4
abc,1645253133,42,17,3
abc,1645253134,90,15,3
abc,1645253135,116,15,0
abc,1645253136,111,16,9
abc,1645253137,48,17,4
abc,1645253138,107,16,10
abc,1645253139,73,20,4
abc,1645253140,88,18,1
abc,1645253141,45,13,8
abc,1645253142,67,13,6
abc,1645253143,51,20,1
abc,1645253144,118,17,4
abc,1645253145,94,19,10
abc,1645253146,46,16,1
abc,1645253147,77,13,0
abc,1645253148,43,18,6
abc,1645253149,61,18,10
abc,1645253150,64,14,6
abc,1645253151,117,20,3
abc,1645253152,58,18,10
abc,1645253153,46,16,6
abc,1645253154,115,19,5
abc,1645253155,72,18,7
abc,1645253156,62,14,9
abc,1645253157,56,15,10
abc,1645253158,66,12,3
abc,1645253159,46,18,5
abc,1645253160,114,15,0
abc,1645253161,106,12,8
abc,1645253162,109,14,5
abc,1645253163,78,18,0
abc,1645253164,79,17,9
abc,1645253165,112,13,3
abc,1645253166,93,20,8
abc,1645253167,90,17,0
abc,1645253168,79,13,0
abc,1645253169,95,19,4
abc,1645253170,71,19,10
abc,1645253171,40,18,2
abc,1645253172,103,20,3
abc,1645253173,79,19,10
abc,1645253174,91,13,7
abc,1645253175,50,20,9
abc,1645253176,61,14,3
abc,1645253177,80,12,0
abc,1645253178,105,13,3
abc,1645253179,76,16,9
abc,1645253180,58,16,8
abc,1645253181,72,18,3
abc,1645253182,84,17,8
abc,1645253183,112,18,10
abc,1645253184,95,14,3
abc,1645253185,82,12,8
abc,1645253186,65,14,10
abc,1645253187,87,14,2
abc,1645253188,64,15,7
abc,1645253189,40,19,10
abc,1645253190,42,19,9
abc,1645253191,107,14,0
abc,1645253192,88,17,0
abc,1645253193,113,15,0
abc,1645253194,99,17,0
abc,1645253195,43,12,4
abc,1645253196,49,17,1
abc,1645253197,118,13,9
abc,1645253198,79,19,5
abc,1645253199,43,13,8
abc,1645253200,117,14,1
abc,1645253201,109,18,5
abc,1645253202,67,13,3
abc,1645253203,62,12,4
abc,1645253204,105,12,7
abc,1645253205,53,16,4
abc,1645253206,98,16,7
abc,1645253207,45,14,3
abc,1645253208,77,19,0
abc,1645253209,118,18,10
abc,1645253210,116,15,9
abc,1645253211,60,19,9
abc,1645253212,107,13,0
abc,1645253213,52,17,4
abc,1645253214,52,14,6
abc,1645253215,112,13,2
abc,1645253216,58,18,4
abc,1645253217,58,14,2
abc,1645253218,72,18,8
abc,1645253219,108,16,3
abc,1645253220,92,16,2
abc,1645253221,95,17,4
abc,1645253222,71,16,5
abc,1645253223,54,20,8
abc,1645253224,83,15,9
abc,1645253225,49,14,8
abc,1645253226,118,12,9
abc,1645253227,120,14,8
abc,1645253228,82,19,9
abc,1645253229,92,17,0
abc,1645253230,113,17,10
abc,1645253231,68,13,8
abc,1645253232,108,16,2
abc,1645253233,77,12,9
abc,1645253234,58,14,4
abc,1645253235,87,14,0
abc,1645253236,87,15,8
abc,1645253237,52,12,1
abc,1645253238,102,17,10
abc,1645253239,56,19,1
abc,1645253240,82,15,2
abc,1645253241,100,12,2
abc,1645253242,119,18,8
abc,1645253243,59,15,4
abc,1645253244,91,17,3
abc,1645253245,56,12,10
abc,1645253246,56,13,9
abc,1645253247,95,13,3
abc,1645253248,60,18,2
abc,1645253249,95,18,9
abc,1645253250,64,14,1
abc,1645253251,60,19,10
abc,1645253252,51,12,4
abc,1645253253,89,16,10
abc,1645253254,61,17,3
abc,1645253255,113,16,1
abc,1645253256,53,17,3
abc,1645253257,92,12,8
abc,1645253258,113,20,4
abc,1645253259,85,20,9
abc,1645253260,111,20,1
abc,1645253261,57,12,4
abc,1645253262,88,15,6
abc,1645253263,102,13,3
abc,1645253264,85,17,8
abc,1645253265,103,18,5
abc,1645253266,91,18,5
abc,1645253267,95,13,8
abc,1645253268,70,18,2
abc,1645253269,47,15,9
abc,1645253270,78,19,7
abc,1645253271,79,14,10
abc,1645253272,77,16,6
abc,1645253273,65,14,8
abc,1645253274,102,13,5
abc,1645253275,86,15,1
abc,1645253276,118,16,6
abc,1645253277,93,19,9
abc,1645253278,107,19,10
abc,1645253279,44,16,0
abc,1645253280,81,14,3
abc,1645253281,108,13,6
abc,1645253282,110,19,2
abc,1645253283,76,17,0
abc,1645253284,79,15,7
abc,1645253285,67,19,3
abc,1645253286,113,19,6
abc,1645253287,61,16,7
abc,1645253288,70,19,1
abc,1645253289,55,14,6
abc,1645253290,86,19,2
abc,1645253291,45,17,3
abc,1645253292,117,17,0
abc,1645253293,119,14,1
abc,1645253294,117,14,5
abc,1645253295,117,17,4
abc,1645253296,91,20,1
abc,1645253297,120,18,9
abc,1645253298,65,12,3
abc,1645253299,115,18,8
abc,1645253300,105,15,10
abc,1645253301,116,18,9
abc,1645253302,48,18,4
abc,1645253303,77,20,8
abc,1645253304,99,18,8
abc,1645253305,116,20,7
abc,1645253306,42,15,9
abc,1645253307,93,18,4
abc,1645253308,52,20,5
abc,1645253309,111,13,3
abc,1645253310,76,15,6
abc,1645253311,89,13,2
abc,1645253312,106,13,7
abc,1645253313,44,17,6
abc,1645253314,107,16,10
abc,1645253315,94,13,3
abc,1645253316,45,16,8
abc,1645253317,68,16,6
abc,1645253318,112,18,5
abc,1645253319,109,15,0
abc,1645253320,102,20,2
abc,1645253321,68,18,8
abc,1645253322,49,20,1
abc,1645253323,112,19,0
abc,1645253324,110,19,0
abc,1645253325,46,19,4
abc,1645253326,117,20,6
abc,1645253327,40,17,7
abc,1645253328,107,19,10
abc,1645253329,68,13,6
abc,1645253330,65,14,2
abc,1645253331,67,12,9
abc,1645253332,91,16,3
abc,1645253333,92,16,3
abc,1645253334,70,14,6
abc,1645253335,67,14,9
abc,1645253336,88,15,2
abc,1645253337,80,20,0
abc,1645253338,76,12,3
abc,1645253339,90,18,0
abc,1645253340,68,20,7
abc,1645253341,102,13,9
abc,1645253342,99,14,2
abc,1645253343,100,20,5
abc,1645253344,90,16,8
abc,1645253345,117,15,2
abc,1645253346,72,13,6
abc,1645253347,77,20,6
abc,1645253348,49,13,6
abc,1645253349,90,13,7
abc,1645253350,76,14,10
abc,1645253351,59,16,7
abc,1645253352,66,14,4
abc,1645253353,72,19,9
abc,1645253354,72,15,10
abc,1645253355,115,14,0
abc,1645253356,59,18,6
abc,1645253357,70,12,6
abc,1645253358,106,14,7
abc,1645253359,78,16,4
abc,1645253360,85,12,4
abc,1645253361,83,19,5
abc,1645253362,77,13,2
abc,1645253363,104,15,3
abc,1645253364,93,15,4
abc,1645253365,47,17,1
abc,1645253366,44,12,6
abc,1645253367,54,16,7
abc,1645253368,44,16,0
abc,1645253369,50,20,9
abc,1645253370,114,17,9
abc,1645253371,76,14,8
abc,1645253372,62,18,10
abc,1645253373,50,12,9
abc,1645253374,116,14,4
abc,1645253375,120,20,7
abc,1645253376,102,19,2
abc,1645253377,84,15,7
abc,1645253378,71,20,10
abc,1645253379,50,12,4
abc,1645253380,45,12,5
abc,1645253381,64,19,0
abc,1645253382,104,17,0
abc,1645253383,57,19,1
abc,1645253384,59,18,7
abc,1645253385,81,18,3
abc,1645253386,98,17,2
abc,1645253387,79,19,1
abc,1645253388,67,17,9
abc,1645253389,77,12,1
abc,1645253390,75,14,2
abc,1645253391,61,12,2
abc,1645253392,60,17,5
abc,1645253393,76,20,8
abc,1645253394,68,16,9
abc,1645253395,53,16,7
abc,1645253396,62,14,3
abc,1645253397,96,19,6
abc,1645253398,119,15,10
abc,1645253399,78,19,3
abc,1645253400,52,13,3
abc,1645253401,55,17,1
abc,1645253402,84,16,10
abc,1645253403,57,16,4
abc,1645253404,42,12,0
abc,1645253405,96,19,9
abc,1645253406,105,19,6
abc,1645253407,43,18,8
abc,1645253408,88,17,8
abc,1645253409,116,18,10
abc,1645253410,90,15,4
abc,1645253411,65,19,5
abc,1645253412,51,17,6
abc,1645253413,82,16,9
abc,1645253414,105,14,6
abc,1645253415,77,19,8
abc,1645253416,91,13,3
abc,1645253417,78,15,9
abc,1645253418,55,18,5
abc,1645253419,102,18,0
abc,1645253420,55,16,6
abc,1645253421,74,15,2
abc,1645253422,43,18,1
abc,1645253423,94,13,1
abc,1645253424,96,13,5
abc,1645253425,83,12,1
abc,1645253426,60,16,1
abc,1645253427,102,18,3
abc,1645253428,109,18,2
abc,1645253429,98,17,0
abc,1645253430,87,17,0
abc,1645253431,53,16,4
abc,1645253432,48,14,7
abc,1645253433,47,16,3
abc,1645253434,86,20,4
abc,1645253435,68,14,7
abc,1645253436,77,18,8
abc,1645253437,109,14,0
abc,1645253438,93,12,6
abc,1645253439,116,12,8
abc,1645253440,54,20,1
abc,1645253441,54,19,1
abc,1645253442,118,13,0
abc,1645253443,79,20,6
abc,1645253444,107,14,7
abc,1645253445,42,16,7
abc,1645253446,104,19,3
abc,1645253447,43,17,5
abc,1645253448,95,15,3
abc,1645253449,108,15,9
abc,1645253450,73,20,0
abc,1645253451,99,13,0
abc,1645253452,85,14,3
abc,1645253453,108,13,4
abc,1645253454,81,15,2
abc,1645253455,80,14,3
abc,1645253456,107,19,9
abc,1645253457,83,15,0
abc,1645253458,98,19,3
abc,1645253459,117,18,8
abc,1645253460,112,17,2
abc,1645253461,41,16,4
abc,1645253462,53,20,6
abc,1645253463,76,20,4
abc,1645253464,103,17,9
abc,1645253465,40,19,7
abc,1645253466,94,12,9
abc,1645253467,49,12,5
abc,1645253468,120,14,10
abc,1645253469,120,18,2
abc,1645253470,50,18,7
abc,1645253471,107,12,3
abc,1645253472,114,13,0
abc,1645253473,88,13,1
abc,1645253474,119,16,0
abc,1645253475,104,19,3
abc,1645253476,89,14,9
abc,1645253477,119,19,2
abc,1645253478,47,15,4
abc,1645253479,95,17,6
abc,1645253480,119,17,1
abc,1645253481,118,20,2
abc,1645253482,74,12,7
abc,1645253483,117,12,5
abc,1645253484,50,19,5
abc,1645253485,65,16,7
abc,1645253486,111,15,1
abc,1645253487,92,19,9
abc,1645253488,51,14,2
abc,1645253489,107,17,3
abc,1645253490,82,17,8
abc,1645253491,63,19,5
abc,1645253492,54,16,6
abc,1645253493,53,13,9
abc,1645253494,98,15,1
abc,1645253495,92,13,10
abc,1645253496,54,15,7
abc,1645253497,53,18,2
abc,1645253498,105,16,6
abc,1645253499,114,17,7
abc,1645253500,113,18,6
abc,1645253501,76,20,2
abc,1645253502,95,12,4
abc,1645253503,111,12,3
abc,1645253504,92,13,7
abc,1645253505,56,16,3
abc,1645253506,68,15,8
abc,1645253507,50,20,10
abc,1645253508,75,17,8
abc,1645253509,97,15,6
abc,1645253510,85,20,5
abc,1645253511,102,17,5
abc,1645253512,100,18,2
abc,1645253513,87,15,1
abc,1645253514,49,19,7
abc,1645253515,103,17,10
abc,1645253516,93,19,0
abc,1645253517,43,14,9
abc,1645253518,105,19,10
abc,1645253519,58,14,8
abc,1645253520,89,15,3
abc,1645253521,56,14,6
abc,1645253522,56,16,7
abc,1645253523,89,14,7
abc,1645253524,42,19,9
abc,1645253525,79,13,5
abc,1645253526,91,12,2
abc,1645253527,73,15,9
abc,1645253528,87,20,0
abc,1645253529,86,15,9
abc,1645253530,41,16,6
abc,1645253531,52,16,2
abc,1645253532,100,16,4
abc,1645253533,105,12,2
abc,1645253534,95,17,1
abc,1645253535,101,16,10
abc,1645253536,56,19,1
abc,1645253537,108,13,6
abc,1645253538,110,14,1
abc,1645253539,76,15,3
abc,1645253540,60,13,0
abc,1645253541,88,12,8
abc,1645253542,59,16,10
abc,1645253543,87,15,1
abc,1645253544,119,19,5
abc,1645253545,78,18,7
abc,1645253546,92,20,6
abc,1645253547,90,17,3
abc,1645253548,73,13,2
abc,1645253549,90,13,6
abc,1645253550,46,16,5
abc,1645253551,75,20,8
abc,1645253552,94,15,6
abc,1645253553,110,16,10
abc,1645253554,86,18,7
abc,1645253555,86,12,0
abc,1645253556,59,16,6
abc,1645253557,101,18,3
abc,1645253558,92,12,9
abc,1645253559,79,13,8
abc,1645253560,65,12,1
abc,1645253561,68,19,2
abc,1645253562,103,13,3
abc,1645253563,73,14,10
abc,1645253564,81,13,10
abc,1645253565,70,16,3
abc,1645253566,50,20,7
abc,1645253567,75,18,0
abc,1645253568,51,20,1
abc,1645253569,63,12,10
abc,1645253570,52,18,2
abc,1645253571,44,15,5
abc,1645253572,85,14,8
abc,1645253573,41,14,0
abc,1645253574,94,17,10
abc,1645253575,95,15,0
abc,1645253576,90,17,5
abc,1645253577,82,12,7
abc,1645253578,74,17,1
abc,1645253579,61,13,2
abc,1645253580,73,18,5
abc,1645253581,80,16,9
abc,1645253582,60,12,1
abc,1645253583,115,13,1
abc,1645253584,56,17,4
abc,1645253585,75,20,5
abc,1645253586,76,19,5
abc,1645253587,106,16,3
abc,1645253588,108,12,5
abc,1645253589,40,16,10
abc,1645253590,71,13,9
abc,1645253591,56,13,9
abc,1645253592,54,20,3
abc,1645253593,104,13,1
abc,1645253594,78,12,7
abc,1645253595,120,16,6
abc,1645253596,103,14,0
abc,1645253597,104,17,7
abc,1645253598,57,19,2
abc,1645253599,82,16,1
abc,1645253600,73,16,4
abc,1645253601,79,14,6
abc,1645253602,114,18,0
abc,1645253603,119,19,4
abc,1645253604,98,19,1
abc,1645253605,79,13,3
abc,1645253606,55,13,8
abc,1645253607,109,19,1
abc,1645253608,79,19,4
abc,1645253609,56,17,2
abc,1645253610,102,19,10
abc,1645253611,82,16,7
abc,1645253612,79,14,2
abc,1645253613,84,12,4
abc,1645253614,49,14,6
abc,1645253615,87,12,8
abc,1645253616,64,14,8
abc,1645253617,106,18,6
abc,1645253618,92,17,8
abc,1645253619,101,18,3
abc,1645253620,63,20,4
abc,1645253621,111,19,10
abc,1645253622,71,13,7
abc,1645253623,74,15,9
abc,1645253624,72,15,9
abc,1645253625,74,14,8
abc,1645253626,94,19,8
abc,1645253627,115,17,0
abc,1645253628,41,15,6
abc,1645253629,56,12,1
abc,1645253630,75,20,4
abc,1645253631,103,17,5
abc,1645253632,110,12,4
abc,1645253633,41,16,2
abc,1645253634,88,19,3
abc,1645253635,110,17,2
abc,1645253636,120,16,10
abc,1645253637,42,12,10
abc,1645253638,109,19,5
abc,1645253639,115,16,0
abc,1645253640,97,20,4
abc,1645253641,51,15,4
abc,1645253642,112,12,1
abc,1645253643,46,20,8
abc,1645253644,104,12,4
abc,1645253645,92,12,1
abc,1645253646,67,17,0
abc,1645253647,95,14,5
abc,1645253648,87,17,3
abc,1645253649,55,17,3
abc,1645253650,81,16,7
abc,1645253651,70,20,0
abc,1645253652,94,17,1
abc,1645253653,79,12,8
abc,1645253654,55,17,4
abc,1645253655,41,19,0
abc,1645253656,108,12,4
abc,1645253657,109,12,6
abc,1645253658,47,15,10
abc,1645253659,110,19,6
abc,1645253660,49,14,10
abc,1645253661,61,15,3
abc,1645253662,55,19,3
abc,1645253663,46,13,2
abc,1645253664,75,13,4
abc,1645253665,74,12,2
abc,1645253666,62,18,5
abc,1645253667,114,19,9
abc,1645253668,72,20,10
abc,1645253669,48,14,5
abc,1645253670,81,15,3
abc,1645253671,83,14,2
abc,1645253672,86,14,6
abc,1645253673,59,13,3
abc,1645253674,53,16,8
abc,1645253675,114,14,0
abc,1645253676,54,14,0
abc,1645253677,82,18,10
abc,1645253678,101,12,8
abc,1645253679,95,20,2
abc,1645253680,68,15,7
abc,1645253681,120,15,7
abc,1645253682,103,20,5
abc,1645253683,119,17,8
abc,1645253684,78,14,9
abc,1645253685,63,20,2
abc,1645253686,109,19,6
abc,1645253687,107,16,10
abc,1645253688,49,16,7
abc,1645253689,84,16,3
abc,1645253690,53,13,6
abc,1645253691,100,17,1
abc,1645253692,83,18,7
abc,1645253693,43,17,7
abc,1645253694,51,13,9
abc,1645253695,107,12,4
abc,1645253696,107,14,0
abc,1645253697,50,18,9
abc,1645253698,46,13,9
abc,1645253699,66,19,8
abc,1645253700,66,16,7
abc,1645253701,82,19,8
abc,1645253702,48,16,3
abc,1645253703,94,16,0
abc,1645253704,96,19,0
abc,1645253705,40,18,9
abc,1645253706,104,13,8
abc,1645253707,42,14,7
abc,1645253708,115,16,6
abc,1645253709,75,20,8
abc,1645253710,65,20,6
abc,1645253711,45,15,2
abc,1645253712,117,15,1
abc,1645253713,44,13,2
abc,1645253714,49,17,3
abc,1645253715,82,14,3
abc,1645253716,54,14,2
abc,1645253717,87,15,6
abc,1645253718,111,13,4
abc,1645253719,47,18,2
abc,1645253720,115,14,2
abc,1645253721,80,12,1
abc,1645253722,115,19,2
abc,1645253723,47,12,4
abc,1645253724,67,17,5
abc,1645253725,116,14,0
abc,1645253726,74,18,3
abc,1645253727,106,17,10
abc,1645253728,48,20,0
abc,1645253729,102,18,10
abc,1645253730,73,15,6
abc,1645253731,110,14,8
abc,1645253732,101,20,7
abc,1645253733,70,16,7
abc,1645253734,90,15,10
abc,1645253735,114,13,4
abc,1645253736,80,20,10
abc,1645253737,120,18,9
abc,1645253738,44,13,2
abc,1645253739,116,18,2
abc,1645253740,109,15,2
abc,1645253741,54,20,2
abc,1645253742,53,20,9
abc,1645253743,70,12,10
abc,1645253744,111,15,0
abc,1645253745,81,20,0
abc,1645253746,118,15,9
abc,1645253747,70,14,8
abc,1645253748,80,17,3
abc,1645253749,49,17,7
abc,1645253750,70,16,4
abc,1645253751,42,19,7
abc,1645253752,111,19,1
abc,1645253753,55,12,4
abc,1645253754,46,18,4
abc,1645253755,67,16,5
abc,1645253756,56,18,0
abc,1645253757,51,12,1
abc,1645253758,104,16,5
abc,1645253759,55,15,8
abc,1645253760,97,13,3
abc,1645253761,49,13,6
abc,1645253762,108,15,0
abc,1645253763,70,15,8
abc,1645253764,91,18,8
abc,1645253765,96,15,9
abc,1645253766,109,13,3
abc,1645253767,113,17,3
abc,1645253768,93,17,1
abc,1645253769,49,18,10
abc,1645253770,84,17,6
abc,1645253771,48,20,6
abc,1645253772,44,14,3
abc,1645253773,87,18,8
abc,1645253774,115,19,6
abc,1645253775,94,12,2
abc,1645253776,48,16,5
abc,1645253777,114,12,4
abc,1645253778,47,17,10
abc,1645253779,57,16,3
abc,1645253780,51,19,5
abc,1645253781,76,13,10
abc,1645253782,41,14,6
abc,1645253783,110,19,3
abc,1645253784,112,13,5
abc,1645253785,104,13,2
abc,1645253786,77,14,7
abc,1645253787,72,20,0
abc,1645253788,60,13,2
abc,1645253789,120,12,6
abc,1645253790,42,20,1
abc,1645253791,56,12,9
abc,1645253792,46,12,8
abc,1645253793,52,16,6
abc,1645253794,101,13,0
abc,1645253795,56,12,6
abc,1645253796,98,15,10
abc,1645253797,63,19,10
abc,1645253798,64,19,8
abc,1645253799,74,17,2
abc,1645253800,83,20,1
abc,1645253801,85,13,1
abc,1645253802,106,17,1
abc,1645253803,76,17,6
abc,1645253804,83,16,3
abc,1645253805,79,17,0
abc,1645253806,61,12,10
abc,1645253807,106,14,1
abc,1645253808,85,20,7
abc,1645253809,103,13,10
abc,1645253810,114,14,3
abc,1645253811,73,16,7
abc,1645253812,113,17,2
abc,1645253813,104,16,8
abc,1645253814,84,19,9
abc,1645253815,105,19,0
abc,1645253816,41,20,0
abc,1645253817,66,18,5
abc,1645253818,59,14,10
abc,1645253819,88,20,1
abc,1645253820,92,16,7
abc,1645253821,56,17,5
abc,1645253822,52,19,6
abc,1645253823,85,20,0
abc,1645253824,84,17,3
abc,1645253825,109,16,0
abc,1645253826,49,16,4
abc,1645253827,52,14,2
abc,1645253828,63,15,2
abc,1645253829,40,18,10
abc,1645253830,45,18,3
abc,1645253831,114,18,4
abc,1645253832,95,19,3
abc,1645253833,119,15,3
abc,1645253834,41,15,10
abc,1645253835,103,16,8
abc,1645253836,75,16,7
abc,1645253837,99,18,1
abc,1645253838,112,14,5
abc,1645253839,43,12,3
abc,1645253840,105,12,7
abc,1645253841,72,15,5
abc,1645253842,77,15,6
abc,1645253843,80,14,9
abc,1645253844,93,12,10
abc,1645253845,68,18,10
abc,1645253846,69,12,6
abc,1645253847,54,17,5
abc,1645253848,61,12,1
abc,1645253849,78,19,9
abc,1645253850,74,17,10
abc,1645253851,47,18,4
abc,1645253852,117,13,9
abc,1645253853,111,14,7
abc,1645253854,92,20,5
abc,1645253855,113,18,2
abc,1645253856,61,13,1
abc,1645253857,81,17,6
abc,1645253858,56,13,10
abc,1645253859,73,20,8
abc,1645253860,77,20,0
abc,1645253861,72,16,6
abc,1645253862,83,18,0
abc,1645253863,83,14,8
abc,1645253864,91,14,9
abc,1645253865,74,15,5
abc,1645253866,68,17,7
abc,1645253867,84,13,9
abc,1645253868,82,20,6
abc,1645253869,85,15,9
abc,1645253870,89,16,4
abc,1645253871,43,12,5
abc,1645253872,119,12,9
abc,1645253873,120,18,6
abc,1645253874,81,20,2
abc,1645253875,45,15,0
abc,1645253876,112,17,9
abc,1645253877,68,12,6
abc,1645253878,48,15,8
abc,1645253879,85,19,3
abc,1645253880,83,18,9
abc,1645253881,115,19,7
abc,1645253882,67,13,8
abc,1645253883,78,15,6
abc,1645253884,53,15,5
abc,1645253885,102,12,5
abc,1645253886,91,19,0
abc,1645253887,119,16,0
abc,1645253888,56,17,0
abc,1645253889,62,14,4
abc,1645253890,86,13,2
abc,1645253891,71,20,10
abc,1645253892,95,16,6
abc,1645253893,54,14,2
abc,1645253894,48,14,5
abc,1645253895,46,16,10
abc,1645253896,118,13,7
abc,1645253897,65,15,3
abc,1645253898,112,16,10
abc,1645253899,49,13,5
abc,1645253900,104,13,0
abc,1645253901,71,19,1
abc,1645253902,73,13,3
abc,1645253903,65,14,1
abc,1645253904,87,20,10
abc,1645253905,94,15,9
abc,1645253906,111,16,3
abc,1645253907,80,16,5
abc,1645253908,100,12,1
abc,1645253909,41,16,2
abc,1645253910,72,20,10
abc,1645253911,92,14,1
abc,1645253912,91,16,1
abc,1645253913,40,19,9
abc,1645253914,114,17,8
abc,1645253915,104,15,0
abc,1645253916,51,12,2
abc,1645253917,41,15,1
abc,1645253918,77,18,9
abc,1645253919,84,16,3
abc,1645253920,98,18,2
abc,1645253921,67,20,10
abc,1645253922,54,19,6
abc,1645253923,48,15,10
abc,1645253924,116,12,1
abc,1645253925,42,16,4
abc,1645253926,85,14,6
abc,1645253927,119,16,1
abc,1645253928,103,15,2
abc,1645253929,101,14,1
abc,1645253930,116,20,9
abc,1645253931,64,18,9
abc,1645253932,42,17,1
abc,1645253933,49,16,1
abc,1645253934,110,16,2
abc,1645253935,111,12,0
abc,1645253936,114,20,0
abc,1645253937,113,12,1
abc,1645253938,81,18,10
abc,1645253939,119,16,4
abc,1645253940,82,12,1
abc,1645253941,83,20,3
abc,1645253942,73,14,4
abc,1645253943,83,14,2
abc,1645253944,98,18,2
abc,1645253945,51,16,5
abc,1645253946,102,18,1
abc,1645253947,115,14,7
abc,1645253948,118,19,9
abc,1645253949,91,12,1
abc,1645253950,68,19,3
abc,1645253951,59,16,1
abc,1645253952,55,18,1
abc,1645253953,96,17,10
abc,1645253954,57,15,10
abc,1645253955,88,12,9
abc,1645253956,47,12,0
abc,1645253957,99,18,10
abc,1645253958,82,18,4
abc,1645253959,41,17,5
abc,1645253960,100,16,1
abc,1645253961,45,16,7
abc,1645253962,65,20,7
abc,1645253963,89,18,3
abc,1645253964,89,14,4
abc,1645253965,60,18,4
abc,1645253966,42,16,10
abc,1645253967,45,15,6
abc,1645253968,48,15,2
abc,1645253969,40,19,4
abc,1645253970,57,14,7
abc,1645253971,93,14,0
abc,1645253972,49,19,2
abc,1645253973,98,14,8
abc,1645253974,118,14,1
abc,1645253975,45,17,0
abc,1645253976,118,18,4
abc,1645253977,115,20,6
abc,1645253978,106,18,6
abc,1645253979,40,18,0
abc,1645253980,68,12,9
abc,1645253981,61,17,2
abc,1645253982,93,19,3
abc,1645253983,52,13,4
abc,1645253984,81,18,4
abc,1645253985,107,17,0
abc,1645253986,44,15,5
abc,1645253987,116,17,8
abc,1645253988,80,14,5
abc,1645253989,119,15,10
abc,1645253990,50,19,7
abc,1645253991,115,17,5
abc,1645253992,76,19,7
abc,1645253993,118,14,3
abc,1645253994,115,12,10
abc,1645253995,70,13,6
abc,1645253996,94,16,2
abc,1645253997,53,17,2
abc,1645253998,80,13,10
abc,1645253999,59,20,5
abc,1645254000,75,16,1
abc,1645254001,72,19,3
abc,1645254002,73,14,2
abc,1645254003,58,15,1
abc,1645254004,71,12,7
abc,1645254005,45,16,10
abc,1645254006,107,12,6
abc,1645254007,119,12,1
abc,1645254008,45,16,3
abc,1645254009,90,17,1
abc,1645254010,53,19,9
abc,1645254011,48,19,6
abc,1645254012,93,16,7
abc,1645254013,70,12,10
abc,1645254014,49,17,8
abc,1645254015,51,20,3
abc,1645254016,54,16,0
abc,1645254017,109,19,0
abc,1645254018,67,15,4
abc,1645254019,71,19,5
abc,1645254020,90,17,8
abc,1645254021,75,12,3
abc,1645254022,94,14,3
abc,1645254023,82,17,2
abc,1645254024,60,12,8
abc,1645254025,42,19,1
abc,1645254026,98,14,8
abc,1645254027,70,17,8
abc,1645254028,103,16,7
abc,1645254029,101,15,5
abc,1645254030,88,13,3
abc,1645254031,85,17,4
abc,1645254032,94,19,3
abc,1645254033,41,13,2
abc,1645254034,88,18,3
abc,1645254035,45,20,2
abc,1645254036,43,19,3
abc,1645254037,114,15,0
abc,1645254038,59,19,0
abc,1645254039,94,17,6
abc,1645254040,58,19,1
abc,1645254041,61,19,9
abc,1645254042,108,19,0
abc,1645254043,117,16,0
abc,1645254044,53,19,2
abc,1645254045,94,18,9
abc,1645254046,68,20,6
abc,1645254047,67,16,7
abc,1645254048,55,19,6
abc,1645254049,79,18,1
abc,1645254050,100,18,8
abc,1645254051,67,15,5
abc,1645254052,48,12,7
abc,1645254053,89,16,2
abc,1645254054,94,20,3
abc,1645254055,47,19,2
abc,1645254056,110,20,10
abc,1645254057,79,19,10
abc,1645254058,113,14,2
abc,1645254059,94,16,9
abc,1645254060,58,12,0
abc,1645254061,68,14,8
abc,1645254062,66,12,5
abc,1645254063,101,15,0
abc,1645254064,52,19,0
abc,1645254065,92,14,10
abc,1645254066,118,18,9
abc,1645254067,49,17,10
abc,1645254068,49,17,8
abc,1645254069,65,13,7
abc,1645254070,72,15,8
abc,1645254071,71,14,10
abc,1645254072,51,19,4
abc,1645254073,55,20,1
abc,1645254074,101,16,7
abc,1645254075,117,18,1
abc,1645254076,102,15,0
abc,1645254077,78,16,9
abc,1645254078,95,12,7
abc,1645254079,82,12,8
abc,1645254080,69,15,9
abc,1645254081,75,13,7
abc,1645254082,52,18,3
abc,1645254083,85,18,10
abc,1645254084,94,15,7
abc,1645254085,74,19,1
abc,1645254086,60,20,8
abc,1645254087,113,13,4
abc,1645254088,45,18,10
abc,1645254089,83,13,9
abc,1645254090,105,16,1
abc,1645254091,60,20,8
abc,1645254092,79,13,6
abc,1645254093,57,20,7
abc,1645254094,60,14,9
abc,1645254095,102,17,6
abc,1645254096,87,13,9
abc,1645254097,89,13,8
abc,1645254098,59,15,4
abc,1645254099,47,20,3
abc,1645254100,83,15,1
abc,1645254101,103,16,7
abc,1645254102,86,15,4
abc,1645254103,88,20,9
abc,1645254104,114,12,3
abc,1645254105,87,17,1
abc,1645254106,62,12,7
abc,1645254107,72,17,8
abc,1645254108,77,14,7
abc,1645254109,70,12,8
abc,1645254110,58,13,5
abc,1645254111,118,19,0
abc,1645254112,119,15,4
abc,1645254113,84,13,8
abc,1645254114,45,19,10
abc,1645254115,107,18,9
abc,1645254116,74,13,5
abc,1645254117,48,12,3
abc,1645254118,75,13,3
abc,1645254119,45,20,1
abc,1645254120,88,17,4
abc,1645254121,90,13,4
abc,1645254122,74,20,10
abc,1645254123,96,17,0
abc,1645254124,94,16,9
abc,1645254125,72,18,10
abc,1645254126,65,13,4
abc,1645254127,55,12,1
abc,1645254128,105,14,8
abc,1645254129,40,19,1
abc,1645254130,59,19,0
abc,1645254131,103,14,7
abc,1645254132,109,16,6
abc,1645254133,91,12,1
abc,1645254134,83,14,7
abc,1645254135,59,19,8
abc,1645254136,106,16,6
abc,1645254137,103,20,10
abc,1645254138,67,19,4
abc,1645254139,115,14,5
abc,1645254140,99,13,6
abc,1645254141,85,17,6
abc,1645254142,64,14,6
abc,1645254143,77,14,7
abc,1645254144,52,20,10
abc,1645254145,97,16,4
abc,1645254146,113,15,2
abc,1645254147,51,20,4
abc,1645254148,81,18,9
abc,1645254149,117,15,6
abc,1645254150,67,17,3
abc,1645254151,49,13,2
abc,1645254152,55,13,5
abc,1645254153,76,19,6
abc,1645254154,100,17,7
abc,1645254155,111,14,5
abc,1645254156,53,16,1
abc,1645254157,58,19,5
abc,1645254158,109,19,3
abc,1645254159,40,14,4
abc,1645254160,114,15,3
abc,1645254161,89,19,6
abc,1645254162,94,15,8
abc,1645254163,100,19,1
abc,1645254164,63,12,8
abc,1645254165,67,20,4
abc,1645254166,119,20,3
abc,1645254167,108,12,7
abc,1645254168,42,19,9
abc,1645254169,95,15,2
abc,1645254170,41,13,2
abc,1645254171,89,14,2
abc,1645254172,89,15,10
abc,1645254173,42,13,8
abc,1645254174,100,14,1
abc,1645254175,43,17,8
abc,1645254176,51,17,8
abc,1645254177,97,16,8
abc,1645254178,75,12,4
abc,1645254179,114,16,5
abc,1645254180,77,18,8
abc,1645254181,69,17,5
abc,1645254182,41,17,9
abc,1645254183,43,17,2
abc,1645254184,58,18,9
abc,1645254185,109,17,8
abc,1645254186,94,20,6
abc,1645254187,64,17,5
abc,1645254188,56,17,5
abc,1645254189,66,19,4
abc,1645254190,66,13,10
abc,1645254191,100,16,2
abc,1645254192,113,13,3
abc,1645254193,83,20,6
abc,1645254194,80,20,2
abc,1645254195,95,19,7
abc,1645254196,119,18,9
abc,1645254197,50,13,2
abc,1645254198,116,15,1
abc,1645254199,106,13,7
abc,1645254200,91,15,5
abc,1645254201,56,16,5
abc,1645254202,98,17,6
abc,1645254203,73,12,6
abc,1645254204,92,20,1
abc,1645254205,51,18,3
abc,1645254206,112,17,9
abc,1645254207,49,17,4
abc,1645254208,72,15,8
abc,1645254209,82,19,1
abc,1645254210,97,14,10
abc,1645254211,74,19,8
abc,1645254212,49,16,10
abc,1645254213,58,18,5
abc,1645254214,41,18,7
abc,1645254215,85,20,0
abc,1645254216,47,20,10
abc,1645254217,107,17,0
abc,1645254218,53,14,7
abc,1645254219,40,16,4
abc,1645254220,40,19,4
abc,1645254221,65,19,3
abc,1645254222,91,13,2
abc,1645254223,41,17,2
abc,1645254224,50,15,2
abc,1645254225,109,19,8
abc,1645254226,72,20,0
abc,1645254227,109,13,5
abc,1645254228,91,19,7
abc,1645254229,49,12,4
abc,1645254230,61,19,7
abc,1645254231,72,18,9
abc,1645254232,81,16,5
abc,1645254233,108,15,3
abc,1645254234,97,20,1
abc,1645254235,119,13,10
abc,1645254236,119,14,8
abc,1645254237,70,15,9
abc,1645254238,47,15,4
abc,1645254239,45,15,5
abc,1645254240,51,14,6
abc,1645254241,77,19,5
abc,1645254242,99,20,10
abc,1645254243,62,15,6
abc,1645254244,98,17,7
abc,1645254245,87,13,4
abc,1645254246,103,14,1
abc,1645254247,102,20,9
abc,1645254248,63,17,7
abc,1645254249,91,16,9
abc,1645254250,61,17,0
abc,1645254251,111,12,6
abc,1645254252,46,18,6
abc,1645254253,57,16,4
abc,1645254254,94,19,7
abc,1645254255,64,19,10
abc,1645254256,119,14,5
abc,1645254257,80,15,0
abc,1645254258,51,15,1
abc,1645254259,60,20,7
abc,1645254260,78,20,6
abc,1645254261,74,17,2
abc,1645254262,75,13,9
abc,1645254263,90,12,8
abc,1645254264,94,13,4
abc,1645254265,89,17,1
abc,1645254266,91,18,8
abc,1645254267,73,15,0
abc,1645254268,73,17,0
abc,1645254269,47,18,0
abc,1645254270,48,18,3
abc,1645254271,93,18,1
abc,1645254272,81,17,7
abc,1645254273,104,17,7
abc,1645254274,111,13,5
abc,1645254275,78,18,0
abc,1645254276,60,18,0
abc,1645254277,92,19,6
abc,1645254278,46,12,8
abc,1645254279,73,16,9
abc,1645254280,65,18,5
abc,1645254281,63,12,2
abc,1645254282,55,14,8
abc,1645254283,114,18,9
abc,1645254284,86,12,1
abc,1645254285,105,19,6
abc,1645254286,89,18,5
abc,1645254287,43,12,10
abc,1645254288,45,12,4
abc,1645254289,45,16,2
abc,1645254290,89,16,0
abc,1645254291,106,15,9
abc,1645254292,86,18,10
abc,1645254293,114,16,7
abc,1645254294,112,18,8
abc,1645254295,77,13,5
abc,1645254296,107,17,5
abc,1645254297,57,20,0
abc,1645254298,72,15,8
abc,1645254299,78,13,6
abc,1645254300,46,12,0
abc,1645254301,44,18,1
abc,1645254302,119,18,8
abc,1645254303,73,15,1
abc,1645254304,115,18,7
abc,1645254305,54,20,9
abc,1645254306,85,20,1
abc,1645254307,78,16,1
abc,1645254308,85,14,9
abc,1645254309,82,16,7
abc,1645254310,77,14,4
abc,1645254311,116,19,3
abc,1645254312,44,16,4
abc,1645254313,85,18,3
abc,1645254314,95,18,5
abc,1645254315,62,20,9
abc,1645254316,87,14,7
abc,1645254317,72,18,7
abc,1645254318,102,13,8
abc,1645254319,114,19,2
abc,1645254320,115,18,3
abc,1645254321,105,20,1
abc,1645254322,100,19,6
abc,1645254323,120,15,1
abc,1645254324,51,12,4
abc,1645254325,62,12,8
abc,1645254326,58,18,9
abc,1645254327,42,15,1
abc,1645254328,67,13,1
abc,1645254329,103,13,0
abc,1645254330,70,17,1
abc,1645254331,52,12,5
abc,1645254332,79,12,4
abc,1645254333,120,16,6
abc,1645254334,104,15,5
abc,1645254335,99,16,6
abc,1645254336,87,20,8
abc,1645254337,67,18,2
abc,1645254338,88,18,10
abc,1645254339,53,16,8
abc,1645254340,98,12,8
abc,1645254341,40,13,6
abc,1645254342,71,13,3
abc,1645254343,57,14,10
abc,1645254344,52,13,2
abc,1645254345,56,20,6
abc,1645254346,99,12,7
abc,1645254347,68,15,2
abc,1645254348,56,19,7
abc,1645254349,107,16,2
abc,1645254350,105,17,2
abc,1645254351,83,17,7
abc,1645254352,86,13,2
abc,1645254353,92,20,2
abc,1645254354,82,16,2
abc,1645254355,73,20,7
abc,1645254356,76,16,9
abc,1645254357,47,13,1
abc,1645254358,82,18,0
abc,1645254359,103,13,6
abc,1645254360,43,14,8
abc,1645254361,79,19,3
abc,1645254362,119,15,7
abc,1645254363,81,20,1
abc,1645254364,110,14,3
abc,1645254365,87,16,6
abc,1645254366,73,17,9
abc,1645254367,91,14,2
abc,1645254368,112,18,1
abc,1645254369,73,19,7
abc,1645254370,90,15,10
abc,1645254371,70,20,7
abc,1645254372,115,13,4
abc,1645254373,105,14,0
abc,1645254374,90,14,10
abc,1645254375,103,15,8
abc,1645254376,94,12,4
abc,1645254377,43,16,6
abc,1645254378,86,12,6
abc,1645254379,47,18,8
abc,1645254380,71,20,4
abc,1645254381,97,16,0
abc,1645254382,79,15,9
abc,1645254383,60,15,1
abc,1645254384,84,18,0
abc,1645254385,58,19,9
abc,1645254386,58,17,6
abc,1645254387,97,14,2
abc,1645254388,48,17,0
abc,1645254389,53,18,5
abc,1645254390,40,16,3
abc,1645254391,58,13,10
abc,1645254392,74,18,1
abc,1645254393,72,12,6
abc,1645254394,56,17,9
abc,1645254395,98,20,0
abc,1645254396,117,17,10
abc,1645254397,95,16,1
abc,1645254398,55,17,2
abc,1645254399,85,14,2
abc,1645254400,89,12,0
abc,1645254401,40,20,7
abc,1645254402,43,14,6
abc,1645254403,76,16,9
abc,1645254404,57,14,7
abc,1645254405,48,12,6
abc,1645254406,57,17,2
abc,1645254407,85,18,0
abc,1645254408,62,19,5
abc,1645254409,115,19,9
abc,1645254410,103,12,7
abc,1645254411,120,13,2
abc,1645254412,110,18,8
abc,1645254413,62,12,1
abc,1645254414,92,17,4
abc,1645254415,91,12,7
abc,1645254416,92,16,0
abc,1645254417,114,12,4
abc,1645254418,50,16,4
abc,1645254419,59,19,9
abc,1645254420,111,18,4
abc,1645254421,98,20,4
abc,1645254422,77,14,10
abc,1645254423,73,13,5
abc,1645254424,105,13,3
abc,1645254425,104,16,8
abc,1645254426,98,15,2
abc,1645254427,53,16,5
abc,1645254428,103,20,8
abc,1645254429,48,13,7
abc,1645254430,101,12,10
abc,1645254431,72,14,9
abc,1645254432,97,18,8
abc,1645254433,72,13,5
abc,1645254434,86,19,0
abc,1645254435,104,17,9
abc,1645254436,94,14,2
abc,1645254437,63,13,0
abc,1645254438,51,15,2
abc,1645254439,54,20,3
abc,1645254440,80,18,6
abc,1645254441,103,14,6
abc,1645254442,56,13,7
abc,1645254443,73,18,5
abc,1645254444,103,14,3
abc,1645254445,100,20,6
abc,1645254446,42,20,7
abc,1645254447,81,13,10
abc,1645254448,74,19,4
abc,1645254449,87,13,3
abc,1645254450,69,14,2
abc,1645254451,41,19,1
abc,1645254452,114,20,6
abc,1645254453,80,17,4
abc,1645254454,110,18,1
abc,1645254455,96,16,8
abc,1645254456,46,20,0
abc,1645254457,103,17,10
abc,1645254458,83,12,4
abc,1645254459,80,19,6
abc,1645254460,72,18,0
abc,1645254461,119,20,7
abc,1645254462,69,20,7
abc,1645254463,49,19,9
abc,1645254464,106,14,0
abc,1645254465,45,14,1
abc,1645254466,63,13,6
abc,1645254467,90,13,1
abc,1645254468,49,12,10
abc,1645254469,117,13,6
abc,1645254470,82,15,6
abc,1645254471,66,16,8
abc,1645254472,118,16,9
abc,1645254473,110,17,6
abc,1645254474,91,18,5
abc,1645254475,63,20,4
abc,1645254476,55,19,7
abc,1645254477,87,16,7
abc,1645254478,49,14,1
abc,1645254479,101,18,0
abc,1645254480,45,19,0
abc,1645254481,100,13,3
abc,1645254482,116,16,10
abc,1645254483,98,16,6
abc,1645254484,70,12,2
abc,1645254485,87,14,1
abc,1645254486,72,14,9
abc,1645254487,85,16,7
abc,1645254488,91,19,3
abc,1645254489,61,15,2
abc,1645254490,70,20,5
abc,1645254491,57,13,3
abc,1645254492,52,16,0
abc,1645254493,51,13,7
abc,1645254494,40,20,8
abc,1645254495,110,18,0
abc,1645254496,75,18,1
abc,1645254497,43,19,6
abc,1645254498,101,19,1
abc,1645254499,42,13,8
abc,1645254500,40,18,1
abc,1645254501,91,13,8
abc,1645254502,67,15,6
abc,1645254503,84,17,3
abc,1645254504,72,17,2
abc,1645254505,112,16,5
abc,1645254506,91,18,1
abc,1645254507,72,18,5
abc,1645254508,45,12,9
abc,1645254509,116,19,2
abc,1645254510,71,16,7
abc,1645254511,50,20,4
abc,1645254512,118,14,2
abc,1645254513,85,16,10
abc,1645254514,90,18,2
abc,1645254515,41,15,7
abc,1645254516,84,16,0
abc,1645254517,58,19,10
abc,1645254518,111,16,1
abc,1645254519,73,17,3
abc,1645254520,91,17,5
abc,1645254521,106,14,0
abc,1645254522,60,15,3
abc,1645254523,111,19,3
abc,1645254524,73,20,10
abc,1645254525,55,15,5
abc,1645254526,103,18,6
abc,1645254527,71,19,1
abc,1645254528,56,18,10
abc,1645254529,62,17,3
abc,1645254530,43,14,6
abc,1645254531,101,19,9
abc,1645254532,74,14,2
abc,1645254533,56,13,3
abc,1645254534,50,15,0
abc,1645254535,100,12,1
abc,1645254536,40,13,9
abc,1645254537,63,17,10
abc,1645254538,64,12,0
abc,1645254539,120,17,5
abc,1645254540,113,13,0
abc,1645254541,59,18,5
abc,1645254542,91,16,9
abc,1645254543,93,15,6
abc,1645254544,113,12,3
abc,1645254545,40,14,9
abc,1645254546,83,15,1
abc,1645254547,89,19,0
abc,1645254548,88,20,3
abc,1645254549,62,18,0
abc,1645254550,47,13,9
abc,1645254551,100,20,9
abc,1645254552,41,17,5
abc,1645254553,103,15,6
abc,1645254554,88,12,4
abc,1645254555,85,16,3
abc,1645254556,105,14,2
abc,1645254557,88,16,0
abc,1645254558,48,17,1
abc,1645254559,80,16,10
abc,1645254560,96,20,4
abc,1645254561,53,15,0
abc,1645254562,103,19,10
abc,1645254563,89,14,10
abc,1645254564,73,12,8
abc,1645254565,68,14,9
abc,1645254566,95,16,1
abc,1645254567,113,17,2
abc,1645254568,105,19,9
abc,1645254569,77,17,10
abc,1645254570,55,14,4
abc,1645254571,60,13,7
abc,1645254572,115,12,2
abc,1645254573,110,18,7
abc,1645254574,64,12,2
abc,1645254575,44,20,9
abc,1645254576,65,20,2
abc,1645254577,110,12,7
abc,1645254578,118,20,10
abc,1645254579,50,15,9
abc,1645254580,115,13,8
abc,1645254581,120,20,7
abc,1645254582,105,17,2
abc,1645254583,97,15,5
abc,1645254584,53,17,9
abc,1645254585,67,14,3
abc,1645254586,51,14,9
abc,1645254587,59,17,9
abc,1645254588,77,14,9
abc,1645254589,118,14,1
abc,1645254590,105,17,3
abc,1645254591,84,19,10
abc,1645254592,64,20,8
abc,1645254593,118,12,7
abc,1645254594,107,17,1
abc,1645254595,53,14,9
abc,1645254596,77,18,9
abc,1645254597,90,15,5
abc,1645254598,67,19,2
abc,1645254599,111,19,5
abc,1645254600,73,19,4
abc,1645254601,112,19,9
abc,1645254602,105,13,1
abc,1645254603,54,19,3
abc,1645254604,75,15,1
abc,1645254605,57,14,7
abc,1645254606,76,18,4
abc,1645254607,100,12,5
abc,1645254608,44,20,3
abc,1645254609,79,14,0
abc,1645254610,71,17,8
abc,1645254611,98,20,6
abc,1645254612,101,15,2
abc,1645254613,76,13,8
abc,1645254614,48,15,9
abc,1645254615,64,17,6
abc,1645254616,86,16,1
abc,1645254617,114,15,4
abc,1645254618,116,19,0
abc,1645254619,101,13,6
abc,1645254620,88,16,6
abc,1645254621,52,15,1
abc,1645254622,77,16,8
abc,1645254623,96,15,10
abc,1645254624,93,19,7
abc,1645254625,47,12,6
abc,1645254626,87,15,9
abc,1645254627,74,20,3
abc,1645254628,68,16,2
abc,1645254629,66,20,2
abc,1645254630,96,17,7
abc,1645254631,60,14,6
abc,1645254632,66,16,0
abc,1645254633,64,16,6
abc,1645254634,108,15,2
abc,1645254635,84,13,2
abc,1645254636,68,16,6
abc,1645254637,75,17,7
abc,1645254638,42,19,9
abc,1645254639,68,15,1
abc,1645254640,96,17,5
abc,1645254641,43,13,1
abc,1645254642,120,14,0
abc,1645254643,47,19,0
abc,1645254644,91,17,9
abc,1645254645,118,12,10
abc,1645254646,97,18,0
abc,1645254647,77,16,9
abc,1645254648,72,17,3
abc,1645254649,41,19,1
abc,1645254650,83,14,7
abc,1645254651,112,20,2
abc,1645254652,79,12,9
abc,1645254653,74,18,5
abc,1645254654,59,16,3
abc,1645254655,40,15,8
abc,1645254656,103,16,2
abc,1645254657,59,18,3
abc,1645254658,98,20,10
abc,1645254659,100,20,6
abc,1645254660,116,17,0
abc,1645254661,48,15,5
abc,1645254662,64,18,7
abc,1645254663,64,19,3
abc,1645254664,107,12,7
abc,1645254665,81,19,0
abc,1645254666,46,16,3
abc,1645254667,80,17,0
abc,1645254668,50,18,2
abc,1645254669,90,13,2
abc,1645254670,43,19,6
abc,1645254671,71,19,4
abc,1645254672,56,16,5
abc,1645254673,111,16,2
abc,1645254674,67,15,2
abc,1645254675,120,12,6
abc,1645254676,65,18,3
abc,1645254677,93,16,7
abc,1645254678,44,12,2
abc,1645254679,79,18,2
abc,1645254680,83,14,8
abc,1645254681,89,18,8
abc,1645254682,49,16,1
abc,1645254683,73,19,1
abc,1645254684,97,18,4
abc,1645254685,66,13,1
abc,1645254686,82,19,9
abc,1645254687,60,12,3
abc,1645254688,42,19,8
abc,1645254689,80,20,7
abc,1645254690,116,13,8
abc,1645254691,117,15,8
abc,1645254692,98,14,9
abc,1645254693,72,16,2
abc,1645254694,107,13,4
abc,1645254695,62,14,4
abc,1645254696,57,14,7
abc,1645254697,85,15,4
abc,1645254698,115,15,5
abc,1645254699,102,13,4
abc,1645254700,95,16,5
abc,1645254701,117,12,8
abc,1645254702,41,16,7
abc,1645254703,106,13,10
abc,1645254704,45,18,4
abc,1645254705,108,20,10
abc,1645254706,59,20,9
abc,1645254707,104,12,7
abc,1645254708,43,14,4
abc,1645254709,72,14,10
abc,1645254710,106,19,5
abc,1645254711,44,12,8
abc,1645254712,65,17,1
abc,1645254713,105,14,4
abc,1645254714,89,18,7
abc,1645254715,109,16,10
abc,1645254716,83,18,0
abc,1645254717,48,13,9
abc,1645254718,57,17,1
abc,1645254719,48,16,5
abc,1645254720,93,15,6
abc,1645254721,82,17,2
abc,1645254722,85,19,1
abc,1645254723,78,19,9
abc,1645254724,107,12,4
abc,1645254725,83,12,9
abc,1645254726,47,14,6
abc,1645254727,104,17,10
abc,1645254728,81,15,5
abc,1645254729,116,20,2
abc,1645254730,117,17,1
abc,1645254731,56,20,5
abc,1645254732,85,17,6
abc,1645254733,58,18,3
abc,1645254734,80,12,8
abc,1645254735,66,17,1
abc,1645254736,100,16,10
abc,1645254737,56,16,9
abc,1645254738,55,13,3
abc,1645254739,76,18,4
abc,1645254740,49,16,1
abc,1645254741,50,12,4
abc,1645254742,97,20,6
abc,1645254743,53,19,1
abc,1645254744,82,20,8
abc,1645254745,45,17,6
abc,1645254746,48,14,3
abc,1645254747,114,17,1
abc,1645254748,64,17,1
abc,1645254749,95,12,3
abc,1645254750,103,14,0
abc,1645254751,54,13,0
abc,1645254752,56,16,10
abc,1645254753,117,17,1
abc,1645254754,82,12,10
abc,1645254755,64,18,1
abc,1645254756,112,13,2
abc,1645254757,76,14,0
abc,1645254758,95,15,4
abc,1645254759,104,20,6
abc,1645254760,91,13,4
abc,1645254761,58,18,9
abc,1645254762,64,15,7
abc,1645254763,98,18,6
abc,1645254764,115,20,7
abc,1645254765,97,18,0
abc,1645254766,107,19,7
abc,1645254767,71,18,4
abc,1645254768,48,19,3
abc,1645254769,116,14,7
abc,1645254770,96,18,10
abc,1645254771,51,16,8
abc,1645254772,107,15,7
abc,1645254773,71,16,9
abc,1645254774,56,14,0
abc,1645254775,105,14,9
abc,1645254776,95,13,9
abc,1645254777,86,14,4
abc,1645254778,91,17,2
abc,1645254779,58,18,4
abc,1645254780,76,17,0
abc,1645254781,91,17,7
abc,1645254782,75,12,9
abc,1645254783,116,17,9
abc,1645254784,69,16,8
abc,1645254785,113,14,2
abc,1645254786,40,12,3
abc,1645254787,88,14,5
abc,1645254788,94,13,7
abc,1645254789,74,19,7
abc,1645254790,57,16,6
abc,1645254791,114,20,9
abc,1645254792,88,13,6
abc,1645254793,84,18,1
abc,1645254794,72,16,3
abc,1645254795,102,17,4
abc,1645254796,49,19,6
abc,1645254797,42,14,4
abc,1645254798,58,12,8
abc,1645254799,50,14,1
abc,1645254800,95,14,10
abc,1645254801,70,18,7
abc,1645254802,62,16,6
abc,1645254803,106,16,6
abc,1645254804,93,19,1
abc,1645254805,105,12,1
abc,1645254806,120,19,2
abc,1645254807,40,18,3
abc,1645254808,41,17,6
abc,1645254809,54,20,2
abc,1645254810,105,17,3
abc,1645254811,48,19,3
abc,1645254812,110,18,10
abc,1645254813,106,14,6
abc,1645254814,84,19,2
abc,1645254815,71,13,3
abc,1645254816,41,16,10
abc,1645254817,51,14,10
abc,1645254818,103,15,5
abc,1645254819,82,16,1
abc,1645254820,56,19,4
abc,1645254821,62,17,1
abc,1645254822,75,12,1
abc,1645254823,71,17,3
abc,1645254824,51,17,3
abc,1645254825,96,20,8
abc,1645254826,98,14,5
abc,1645254827,119,12,4
abc,1645254828,79,18,2
abc,1645254829,95,12,8
abc,1645254830,87,18,10
abc,1645254831,61,12,3
abc,1645254832,47,18,3
abc,1645254833,56,19,2
abc,1645254834,67,16,4
abc,1645254835,74,13,8
abc,1645254836,109,15,5
abc,1645254837,65,19,6
abc,1645254838,68,13,8
abc,1645254839,94,12,5
abc,1645254840,79,16,0
abc,1645254841,90,19,2
abc,1645254842,57,20,0
abc,1645254843,86,12,10
abc,1645254844,91,18,9
abc,1645254845,87,19,6
abc,1645254846,110,20,8
abc,1645254847,66,16,4
abc,1645254848,52,14,5
abc,1645254849,83,15,2
abc,1645254850,104,12,9
abc,1645254851,57,19,0
abc,1645254852,60,20,0
abc,1645254853,116,16,1
abc,1645254854,114,13,1
abc,1645254855,74,16,2
abc,1645254856,92,16,10
abc,1645254857,57,18,0
abc,1645254858,91,12,10
abc,1645254859,70,16,2
abc,1645254860,74,16,5
abc,1645254861,104,15,4
abc,1645254862,77,18,9
abc,1645254863,57,17,8
abc,1645254864,70,17,8
abc,1645254865,61,15,8
abc,1645254866,62,19,2
abc,1645254867,120,19,0
abc,1645254868,44,14,0
abc,1645254869,56,13,10
abc,1645254870,89,12,5
abc,1645254871,120,16,5
abc,1645254872,112,13,5
abc,1645254873,111,16,5
abc,1645254874,118,18,8
abc,1645254875,106,18,5
abc,1645254876,81,12,8
abc,1645254877,78,14,6
abc,1645254878,69,19,0
abc,1645254879,51,18,1
abc,1645254880,68,20,0
abc,1645254881,105,13,9
abc,1645254882,83,14,2
abc,1645254883,63,20,2
abc,1645254884,107,15,3
abc,1645254885,69,16,3
abc,1645254886,55,14,6
abc,1645254887,105,17,7
abc,1645254888,79,17,6
abc,1645254889,72,17,2
abc,1645254890,48,12,2
abc,1645254891,75,19,3
abc,1645254892,56,15,1
abc,1645254893,55,14,1
abc,1645254894,67,15,0
abc,1645254895,95,17,4
abc,1645254896,76,12,8
abc,1645254897,52,18,0
abc,1645254898,65,13,1
abc,1645254899,53,17,9
abc,1645254900,111,16,10
abc,1645254901,65,13,0
abc,1645254902,94,12,3
abc,1645254903,94,13,8
abc,1645254904,56,12,8
abc,1645254905,95,15,2
abc,1645254906,72,17,5
abc,1645254907,103,15,5
abc,1645254908,98,13,6
abc,1645254909,58,20,4
abc,1645254910,66,19,4
abc,1645254911,44,13,9
abc,1645254912,85,16,0
abc,1645254913,116,20,9
abc,1645254914,103,13,10
abc,1645254915,117,15,2
abc,1645254916,101,18,8
abc,1645254917,66,14,9
abc,1645254918,48,13,10
abc,1645254919,51,15,3
abc,1645254920,50,18,5
abc,1645254921,66,14,3
abc,1645254922,107,15,8
abc,1645254923,63,13,8
abc,1645254924,43,15,7
abc,1645254925,62,19,6
abc,1645254926,41,20,10
abc,1645254927,81,20,7
abc,1645254928,119,16,9
abc,1645254929,64,12,6
abc,1645254930,70,17,10
abc,1645254931,43,20,8
abc,1645254932,104,15,5
abc,1645254933,43,19,9
abc,1645254934,67,13,2
abc,1645254935,79,12,7
abc,1645254936,106,19,8
abc,1645254937,107,18,9
abc,1645254938,90,15,1
abc,1645254939,110,16,5
abc,1645254940,98,14,8
abc,1645254941,72,19,7
abc,1645254942,112,20,8
abc,1645254943,81,15,6
abc,1645254944,81,20,9
abc,1645254945,86,19,0
abc,1645254946,89,18,7
abc,1645254947,73,12,7
abc,1645254948,89,18,7
abc,1645254949,78,15,6
abc,1645254950,51,14,3
abc,1645254951,102,19,1
abc,1645254952,100,12,4
abc,1645254953,45,16,10
abc,1645254954,62,17,9
abc,1645254955,102,18,10
abc,1645254956,51,15,9
abc,1645254957,77,20,2
abc,1645254958,51,15,2
abc,1645254959,119,17,4
abc,1645254960,103,13,9
abc,1645254961,102,12,6
abc,1645254962,45,14,0
abc,1645254963,77,13,1
abc,1645254964,105,19,8
abc,1645254965,107,17,0
abc,1645254966,64,14,8
abc,1645254967,54,15,1
abc,1645254968,64,16,8
abc,1645254969,46,19,10
abc,1645254970,74,14,4
abc,1645254971,109,13,2
abc,1645254972,98,17,4
abc,1645254973,70,15,4
abc,1645254974,74,15,0
abc,1645254975,67,16,5
abc,1645254976,92,14,0
abc,1645254977,51,16,9
abc,1645254978,61,14,1
abc,1645254979,57,20,7
abc,1645254980,63,12,10
abc,1645254981,66,12,3
abc,1645254982,119,17,10
abc,1645254983,47,17,6
abc,1645254984,109,18,2
abc,1645254985,54,14,10
abc,1645254986,113,20,6
abc,1645254987,97,12,3
abc,1645254988,94,19,4
abc,1645254989,57,18,8
abc,1645254990,62,14,0
abc,1645254991,49,16,6
abc,1645254992,82,15,2
abc,1645254993,64,12,6
abc,1645254994,56,13,8
abc,1645254995,48,13,3
abc,1645254996,55,15,3
abc,1645254997,86,16,3
abc,1645254998,105,20,7
abc,1645254999,111,15,7
abc,1645255000,73,15,4
abc,1645255001,43,13,5
abc,1645255002,65,16,9
abc,1645255003,64,16,0
abc,1645255004,119,13,10
abc,1645255005,42,17,8
abc,1645255006,68,14,6
abc,1645255007,110,18,3
abc,1645255008,73,20,1
abc,1645255009,90,16,6
abc,1645255010,52,14,7
abc,1645255011,77,12,4
abc,1645255012,112,12,7
abc,1645255013,83,20,5
abc,1645255014,74,18,9
abc,1645255015,73,20,6
abc,1645255016,47,19,0
abc,1645255017,103,17,2
abc,1645255018,87,18,5
abc,1645255019,83,12,1
abc,1645255020,74,12,5
abc,1645255021,61,19,1
abc,1645255022,44,19,8
abc,1645255023,49,12,1
abc,1645255024,111,20,5
abc,1645255025,100,15,1
abc,1645255026,112,17,7
abc,1645255027,78,20,8
abc,1645255028,106,18,6
abc,1645255029,120,18,7
abc,1645255030,59,14,3
abc,1645255031,93,15,6
abc,1645255032,85,20,7
abc,1645255033,67,18,5
abc,1645255034,88,17,9
abc,1645255035,96,19,5
abc,1645255036,118,12,1
abc,1645255037,104,14,7
abc,1645255038,53,13,6
abc,1645255039,112,20,2
abc,1645255040,116,15,4
abc,1645255041,48,12,7
abc,1645255042,49,17,9
abc,1645255043,51,15,1
abc,1645255044,74,20,5
abc,1645255045,56,18,10
abc,1645255046,74,17,3
abc,1645255047,88,13,10
abc,1645255048,42,15,10
abc,1645255049,76,19,1
abc,1645255050,75,17,6
abc,1645255051,40,18,6
abc,1645255052,92,12,1
abc,1645255053,63,15,0
abc,1645255054,113,20,1
abc,1645255055,93,20,2
abc,1645255056,46,14,1
abc,1645255057,86,13,10
abc,1645255058,95,20,1
abc,1645255059,94,13,5
abc,1645255060,48,12,8
abc,1645255061,53,13,1
abc,1645255062,118,14,5
abc,1645255063,100,17,8
abc,1645255064,83,20,8
abc,1645255065,120,19,3
abc,1645255066,74,18,10
abc,1645255067,52,15,9
abc,1645255068,82,17,5
abc,1645255069,46,15,0
abc,1645255070,111,16,7
abc,1645255071,68,13,4
abc,1645255072,112,18,1
abc,1645255073,110,14,10
abc,1645255074,91,20,2
abc,1645255075,62,16,2
abc,1645255076,76,15,9
abc,1645255077,115,14,6
abc,1645255078,79,16,7
abc,1645255079,99,14,0
abc,1645255080,107,16,3
abc,1645255081,74,15,10
abc,1645255082,111,15,3
abc,1645255083,99,20,3
abc,1645255084,92,16,1
abc,1645255085,58,19,10
abc,1645255086,76,12,4
abc,1645255087,50,13,6
abc,1645255088,45,15,5
abc,1645255089,64,20,1
abc,1645255090,93,17,2
abc,1645255091,80,19,4
abc,1645255092,111,13,6
abc,1645255093,74,19,3
abc,1645255094,114,20,8
abc,1645255095,82,14,1
abc,1645255096,84,16,0
abc,1645255097,105,12,5
abc,1645255098,61,15,0
abc,1645255099,52,12,1
abc,1645255100,97,12,8
abc,1645255101,64,13,4
abc,1645255102,91,12,8
abc,1645255103,49,19,8
abc,1645255104,42,18,6
abc,1645255105,62,17,9
abc,1645255106,102,20,0
abc,1645255107,116,20,5
abc,1645255108,101,14,6
abc,1645255109,65,14,0
abc,1645255110,113,14,9
abc,1645255111,48,14,4
abc,1645255112,113,16,4
abc,1645255113,115,20,2
abc,1645255114,49,16,9
abc,1645255115,98,20,10
abc,1645255116,96,13,4
abc,1645255117,104,19,7
abc,1645255118,47,14,3
abc,1645255119,115,19,4
abc,1645255120,60,12,8
abc,1645255121,68,13,0
abc,1645255122,40,19,3
abc,1645255123,85,18,9
abc,1645255124,46,19,9
abc,1645255125,79,15,2
abc,1645255126,96,20,8
abc,1645255127,58,13,9
abc,1645255128,98,18,8
abc,1645255129,80,17,0
abc,1645255130,108,18,3
abc,1645255131,84,16,2
abc,1645255132,77,19,7
abc,1645255133,119,14,7
abc,1645255134,105,19,7
abc,1645255135,56,12,5
abc,1645255136,49,13,1
abc,1645255137,116,14,2
abc,1645255138,47,17,9
abc,1645255139,112,19,9
abc,1645255140,68,17,8
abc,1645255141,114,17,7
abc,1645255142,57,16,4
abc,1645255143,99,14,4
abc,1645255144,67,15,6
abc,1645255145,120,12,0
abc,1645255146,100,19,2
abc,1645255147,84,13,9
abc,1645255148,101,19,5
abc,1645255149,74,17,1
abc,1645255150,74,17,2
abc,1645255151,54,12,10
abc,1645255152,72,14,4
abc,1645255153,41,19,1
abc,1645255154,60,12,0
abc,1645255155,97,16,10
abc,1645255156,46,12,6
abc,1645255157,95,14,4
abc,1645255158,101,17,10
abc,1645255159,110,18,4
abc,1645255160,92,16,8
abc,1645255161,42,18,1
abc,1645255162,82,18,9
abc,1645255163,81,13,7
abc,1645255164,103,19,2
abc,1645255165,80,17,1
abc,1645255166,101,13,1
abc,1645255167,51,17,4
abc,1645255168,120,20,2
abc,1645255169,84,14,0
abc,1645255170,40,12,4
abc,1645255171,93,19,2
abc,1645255172,44,13,10
abc,1645255173,90,16,0
abc,1645255174,100,12,4
abc,1645255175,119,18,3
abc,1645255176,95,20,5
abc,1645255177,91,14,5
abc,1645255178,48,20,2
abc,1645255179,83,19,4
abc,1645255180,61,19,0
abc,1645255181,109,16,6
abc,1645255182,46,18,3
abc,1645255183,83,20,10
abc,1645255184,120,20,6
abc,1645255185,91,15,7
abc,1645255186,54,19,7
abc,1645255187,44,12,7
abc,1645255188,86,18,9
abc,1645255189,99,12,1
abc,1645255190,61,19,2
abc,1645255191,52,18,8
abc,1645255192,77,16,6
abc,1645255193,47,16,5
abc,1645255194,58,20,10
abc,1645255195,61,18,0
abc,1645255196,95,16,1
abc,1645255197,72,12,3
abc,1645255198,94,16,7
abc,1645255199,64,13,0
abc,1645255200,110,15,6
abc,1645255201,82,17,4
abc,1645255202,84,16,1
abc,1645255203,104,15,8
abc,1645255204,95,13,3
abc,1645255205,51,17,3
abc,1645255206,58,19,2
abc,1645255207,52,18,10
abc,1645255208,87,14,10
abc,1645255209,111,13,1
abc,1645255210,41,16,6
abc,1645255211,91,17,8
abc,1645255212,67,16,1
abc,1645255213,60,18,3
abc,1645255214,56,12,1
abc,1645255215,40,20,1
abc,1645255216,69,18,6
abc,1645255217,56,12,2
abc,1645255218,103,14,8
abc,1645255219,94,20,1
abc,1645255220,91,17,9
abc,1645255221,65,20,0
abc,1645255222,85,14,0
abc,1645255223,46,17,10
abc,1645255224,50,19,5
abc,1645255225,89,20,8
abc,1645255226,116,20,5
abc,1645255227,57,15,0
abc,1645255228,90,13,6
abc,1645255229,62,13,0
abc,1645255230,108,16,10
abc,1645255231,84,18,7
abc,1645255232,98,15,9
abc,1645255233,119,13,2
abc,1645255234,100,12,9
abc,1645255235,118,16,4
abc,1645255236,101,20,9
abc,1645255237,111,13,9
abc,1645255238,63,16,1
abc,1645255239,51,19,0
abc,1645255240,100,16,2
abc,1645255241,118,15,7
abc,1645255242,47,15,10
abc,1645255243,42,14,10
abc,1645255244,105,16,5
abc,1645255245,44,13,8
abc,1645255246,81,13,5
abc,1645255247,41,17,1
abc,1645255248,45,12,2
abc,1645255249,77,18,8
abc,1645255250,52,13,1
abc,1645255251,58,20,2
abc,1645255252,77,15,0
abc,1645255253,57,18,6
abc,1645255254,84,20,3
abc,1645255255,53,13,10
abc,1645255256,87,17,5
abc,1645255257,89,15,10
abc,1645255258,85,19,7
abc,1645255259,53,16,6
abc,1645255260,104,17,0
abc,1645255261,61,15,9
abc,1645255262,113,19,3
abc,1645255263,117,13,7
abc,1645255264,118,12,7
abc,1645255265,68,18,10
abc,1645255266,120,14,2
abc,1645255267,57,13,10
abc,1645255268,93,12,9
abc,1645255269,54,14,5
abc,1645255270,79,14,6
abc,1645255271,94,18,9
abc,1645255272,50,16,8
abc,1645255273,80,17,4
abc,1645255274,71,20,3
abc,1645255275,40,14,5
abc,1645255276,66,17,3
abc,1645255277,91,15,9
abc,1645255278,91,16,7
abc,1645255279,116,19,7
abc,1645255280,65,15,10
abc,1645255281,97,17,2
abc,1645255282,50,12,7
abc,1645255283,72,14,3
abc,1645255284,81,13,2
abc,1645255285,83,20,10
abc,1645255286,77,13,9
abc,1645255287,119,12,7
abc,1645255288,58,20,4
abc,1645255289,112,14,10
abc,1645255290,91,17,8
abc,1645255291,71,20,7
abc,1645255292,84,14,5
abc,1645255293,92,17,6
abc,1645255294,62,12,3
abc,1645255295,105,12,1
abc,1645255296,115,18,6
abc,1645255297,67,20,7
abc,1645255298,99,15,9
abc,1645255299,55,14,4
abc,1645255300,64,16,7
abc,1645255301,66,15,9
abc,1645255302,100,17,1
abc,1645255303,65,20,4
abc,1645255304,69,19,5
abc,1645255305,101,20,0
abc,1645255306,51,17,8
abc,1645255307,110,18,8
abc,1645255308,71,14,6
abc,1645255309,75,15,2
abc,1645255310,44,19,2
abc,1645255311,91,13,6
abc,1645255312,43,18,7
abc,1645255313,95,19,8
abc,1645255314,88,16,4
abc,1645255315,54,14,8
abc,1645255316,49,13,1
abc,1645255317,80,16,3
abc,1645255318,101,18,6
abc,1645255319,92,13,2
abc,1645255320,80,20,8
abc,1645255321,100,16,10
abc,1645255322,75,13,4
abc,1645255323,51,13,4
abc,1645255324,41,19,3
abc,1645255325,72,17,9
abc,1645255326,79,17,8
abc,1645255327,73,16,6
abc,1645255328,45,17,3
abc,1645255329,45,18,0
abc,1645255330,96,12,4
abc,1645255331,73,16,9
abc,1645255332,51,15,0
abc,1645255333,112,12,7
abc,1645255334,96,15,2
abc,1645255335,81,20,5
abc,1645255336,74,13,9
abc,1645255337,88,17,3
abc,1645255338,98,16,8
abc,1645255339,56,16,10
abc,1645255340,103,15,8
abc,1645255341,97,14,8
abc,1645255342,47,15,0
abc,1645255343,93,20,7
abc,1645255344,63,19,1
abc,1645255345,51,12,3
abc,1645255346,58,15,6
abc,1645255347,80,14,8
